P105,"{'code': 'P105', 'status': 'CHECKED', 'mismatches': []}"
P102,"{'code': 'P102', 'status': 'CHECKED', 'mismatches': []}"
P102-NNP,"{'code': 'P102-NNP', 'status': 'CHECKED', 'mismatches': []}"
P108,"{'code': 'P108', 'status': 'CHECKED', 'mismatches': []}"
P109,"{'code': 'P109', 'status': 'CHECKED', 'mismatches': []}"
P107,"{'code': 'P107', 'status': 'CHECKED', 'mismatches': []}"
P106,"{'code': 'P106', 'status': 'CHECKED', 'mismatches': []}"
P301,"{'code': 'P301', 'status': 'CHECKED', 'mismatches': []}"
P701,"{'code': 'P701', 'status': 'CHECKED', 'mismatches': []}"
P501,"{'code': 'P501', 'status': 'CHECKED', 'mismatches': []}"
P135,"{'code': 'P135', 'status': 'CHECKED', 'mismatches': []}"
P135-Y,"{'code': 'P135-Y', 'status': 'CHECKED', 'mismatches': []}"
P135-NNB,"{'code': 'P135-NNB', 'status': 'CHECKED', 'mismatches': []}"
P135-NN9,"{'code': 'P135-NN9', 'status': 'CHECKED', 'mismatches': []}"
P132,"{'code': 'P132', 'status': 'CHECKED', 'mismatches': []}"
P132-Y,"{'code': 'P132-Y', 'status': 'CHECKED', 'mismatches': []}"
P132-NNM,"{'code': 'P132-NNM', 'status': 'CHECKED', 'mismatches': []}"
P132-NNK,"{'code': 'P132-NNK', 'status': 'CHECKED', 'mismatches': []}"
P132-NNL,"{'code': 'P132-NNL', 'status': 'CHECKED', 'mismatches': []}"
P132-NNAA,"{'code': 'P132-NNAA', 'status': 'CHECKED', 'mismatches': []}"
P132-NNAH,"{'code': 'P132-NNAH', 'status': 'CHECKED', 'mismatches': []}"
P132-NNAB,"{'code': 'P132-NNAB', 'status': 'CHECKED', 'mismatches': []}"
P132-NNAK,"{'code': 'P132-NNAK', 'status': 'CHECKED', 'mismatches': []}"
P132-NNS,"{'code': 'P132-NNS', 'status': 'CHECKED', 'mismatches': []}"
P132-NNT,"{'code': 'P132-NNT', 'status': 'CHECKED', 'mismatches': []}"
P132-NNAJ,"{'code': 'P132-NNAJ', 'status': 'CHECKED', 'mismatches': []}"
P132-NNAG,"{'code': 'P132-NNAG', 'status': 'CHECKED', 'mismatches': []}"
P132-HNF,"{'code': 'P132-HNF', 'status': 'CHECKED', 'mismatches': []}"
P132-HNG,"{'code': 'P132-HNG', 'status': 'CHECKED', 'mismatches': []}"
P192-NE,"{'code': 'P192-NE', 'status': 'CHECKED', 'mismatches': []}"
P133,"{'code': 'P133', 'status': 'CHECKED', 'mismatches': []}"
P138,"{'code': 'P138', 'status': 'CHECKED', 'mismatches': []}"
P138-Y,"{'code': 'P138-Y', 'status': 'CHECKED', 'mismatches': []}"
P138-NN1,"{'code': 'P138-NN1', 'status': 'CHECKED', 'mismatches': []}"
P138-YN1,"{'code': 'P138-YN1', 'status': 'CHECKED', 'mismatches': []}"
P138-NNB,"{'code': 'P138-NNB', 'status': 'CHECKED', 'mismatches': []}"
P13E,"{'code': 'P13E', 'status': 'CHECKED', 'mismatches': []}"
P137,"{'code': 'P137', 'status': 'CHECKED', 'mismatches': []}"
P137-Y,"{'code': 'P137-Y', 'status': 'CHECKED', 'mismatches': []}"
P137-NN3,"{'code': 'P137-NN3', 'status': 'CHECKED', 'mismatches': []}"
P136,"{'code': 'P136', 'status': 'CHECKED', 'mismatches': []}"
P13A,"{'code': 'P13A', 'status': 'CHECKED', 'mismatches': []}"
P13AF,"{'code': 'P13AF', 'status': 'CHECKED', 'mismatches': []}"
P131,"{'code': 'P131', 'status': 'CHECKED', 'mismatches': []}"
P131-Y,"{'code': 'P131-Y', 'status': 'CHECKED', 'mismatches': []}"
P131-NN4,"{'code': 'P131-NN4', 'status': 'CHECKED', 'mismatches': []}"
P13Q,"{'code': 'P13Q', 'status': 'CHECKED', 'mismatches': []}"
P13O,"{'code': 'P13O', 'status': 'CHECKED', 'mismatches': []}"
P139,"{'code': 'P139', 'status': 'CHECKED', 'mismatches': []}"
P139-Y,"{'code': 'P139-Y', 'status': 'CHECKED', 'mismatches': []}"
P13C,"{'code': 'P13C', 'status': 'CHECKED', 'mismatches': []}"
P124,"{'code': 'P124', 'status': 'CHECKED', 'mismatches': []}"
P124-NN9,"{'code': 'P124-NN9', 'status': 'CHECKED', 'mismatches': []}"
P124-NN8,"{'code': 'P124-NN8', 'status': 'CHECKED', 'mismatches': []}"
P124-NN7,"{'code': 'P124-NN7', 'status': 'CHECKED', 'mismatches': []}"
P124-NNA,"{'code': 'P124-NNA', 'status': 'CHECKED', 'mismatches': []}"
P124-NNC,"{'code': 'P124-NNC', 'status': 'CHECKED', 'mismatches': []}"
P22A-NN9,"{'code': 'P22A-NN9', 'status': 'CHECKED', 'mismatches': []}"
P123,"{'code': 'P123', 'status': 'CHECKED', 'mismatches': []}"
P123-Y,"{'code': 'P123-Y', 'status': 'CHECKED', 'mismatches': []}"
P24B-H,"{'code': 'P24B-H', 'status': 'CHECKED', 'mismatches': []}"
P244-HN3,"{'code': 'P244-HN3', 'status': 'CHECKED', 'mismatches': []}"
P224,"{'code': 'P224', 'status': 'CHECKED', 'mismatches': []}"
P245-HN1,"{'code': 'P245-HN1', 'status': 'CHECKED', 'mismatches': []}"
P240-HN3,"{'code': 'P240-HN3', 'status': 'CHECKED', 'mismatches': []}"
P220,"{'code': 'P220', 'status': 'CHECKED', 'mismatches': []}"
P243-HN3,"{'code': 'P243-HN3', 'status': 'CHECKED', 'mismatches': []}"
P223,"{'code': 'P223', 'status': 'CHECKED', 'mismatches': []}"
P24G-H,"{'code': 'P24G-H', 'status': 'CHECKED', 'mismatches': []}"
P22G,"{'code': 'P22G', 'status': 'CHECKED', 'mismatches': []}"
P24A-HNB,"{'code': 'P24A-HNB', 'status': 'CHECKED', 'mismatches': []}"
P22A-NN5,"{'code': 'P22A-NN5', 'status': 'CHECKED', 'mismatches': []}"
P24A-HNC,"{'code': 'P24A-HNC', 'status': 'CHECKED', 'mismatches': []}"
P22A-NN7,"{'code': 'P22A-NN7', 'status': 'CHECKED', 'mismatches': []}"
P24A-HND,"{'code': 'P24A-HND', 'status': 'CHECKED', 'mismatches': []}"
P22A-NN6,"{'code': 'P22A-NN6', 'status': 'CHECKED', 'mismatches': []}"
P24A-HNE,"{'code': 'P24A-HNE', 'status': 'CHECKED', 'mismatches': []}"
P22A-NN8,"{'code': 'P22A-NN8', 'status': 'CHECKED', 'mismatches': []}"
P321,"{'code': 'P321', 'status': 'CHECKED', 'mismatches': []}"
P321-Y,"{'code': 'P321-Y', 'status': 'CHECKED', 'mismatches': []}"
P340-HNAE,"{'code': 'P340-HNAE', 'status': 'CHECKED', 'mismatches': []}"
P340-HNAH,"{'code': 'P340-HNAH', 'status': 'CHECKED', 'mismatches': []}"
P390-NE,"{'code': 'P390-NE', 'status': 'CHECKED', 'mismatches': []}"
P320-NN6,"{'code': 'P320-NN6', 'status': 'CHECKED', 'mismatches': []}"
P320-NNG,"{'code': 'P320-NNG', 'status': 'CHECKED', 'mismatches': []}"
P320-NNB,"{'code': 'P320-NNB', 'status': 'CHECKED', 'mismatches': []}"
P320-NNV,"{'code': 'P320-NNV', 'status': 'CHECKED', 'mismatches': []}"
P320-NNX,"{'code': 'P320-NNX', 'status': 'CHECKED', 'mismatches': []}"
P320-NNY,"{'code': 'P320-NNY', 'status': 'CHECKED', 'mismatches': []}"
P320-NNZ,"{'code': 'P320-NNZ', 'status': 'CHECKED', 'mismatches': []}"
P320-NNAA,"{'code': 'P320-NNAA', 'status': 'CHECKED', 'mismatches': []}"
P320-NNT,"{'code': 'P320-NNT', 'status': 'CHECKED', 'mismatches': []}"
P322,"{'code': 'P322', 'status': 'CHECKED', 'mismatches': []}"
P322-Y,"{'code': 'P322-Y', 'status': 'CHECKED', 'mismatches': []}"
P342-HN9,"{'code': 'P342-HN9', 'status': 'CHECKED', 'mismatches': []}"
P322-NN2,"{'code': 'P322-NN2', 'status': 'CHECKED', 'mismatches': []}"
P322-NN6,"{'code': 'P322-NN6', 'status': 'CHECKED', 'mismatches': []}"
P322-NN7,"{'code': 'P322-NN7', 'status': 'CHECKED', 'mismatches': []}"
P322-NNA,"{'code': 'P322-NNA', 'status': 'CHECKED', 'mismatches': []}"
P323-NN1,"{'code': 'P323-NN1', 'status': 'CHECKED', 'mismatches': []}"
P343-HN2,"{'code': 'P343-HN2', 'status': 'CHECKED', 'mismatches': []}"
P490-HH,"{'code': 'P490-HH', 'status': 'CHECKED', 'mismatches': []}"
P391-HH,"{'code': 'P391-HH', 'status': 'CHECKED', 'mismatches': []}"
P325,"{'code': 'P325', 'status': 'CHECKED', 'mismatches': []}"
P320-NNAG,"{'code': 'P320-NNAG', 'status': 'CHECKED', 'mismatches': []}"
P320-NNM,"{'code': 'P320-NNM', 'status': 'CHECKED', 'mismatches': []}"
P324-NN8,"{'code': 'P324-NN8', 'status': 'CHECKED', 'mismatches': []}"
P344,"{'code': 'P344', 'status': 'CHECKED', 'mismatches': []}"
P344-Y,ERROR: All 3 attempts failed for https://webapi.lpu.in/webProgrammes/api/ProgramSearch/GetProgramFeeDetail
P324-NN6,ERROR: All 3 attempts failed for https://webapi.lpu.in/webProgrammes/api/ProgramSearch/GetProgramFeeDetail
P741,"{'code': 'P741', 'status': 'CHECKED', 'mismatches': []}"
P793-ND2,"{'code': 'P793-ND2', 'status': 'CHECKED', 'mismatches': []}"
P722-NNJ,"{'code': 'P722-NNJ', 'status': 'CHECKED', 'mismatches': []}"
P742-NN1,"{'code': 'P742-NN1', 'status': 'CHECKED', 'mismatches': []}"
P742-NN2,"{'code': 'P742-NN2', 'status': 'CHECKED', 'mismatches': []}"
P742-NNM,"{'code': 'P742-NNM', 'status': 'CHECKED', 'mismatches': []}"
P722-NNF,"{'code': 'P722-NNF', 'status': 'CHECKED', 'mismatches': []}"
P742-NN3,"{'code': 'P742-NN3', 'status': 'CHECKED', 'mismatches': []}"
P742-YN3,"{'code': 'P742-YN3', 'status': 'CHECKED', 'mismatches': []}"
P722-NNL,"{'code': 'P722-NNL', 'status': 'CHECKED', 'mismatches': []}"
P742-NNL,"{'code': 'P742-NNL', 'status': 'CHECKED', 'mismatches': []}"
P722-NNG,"{'code': 'P722-NNG', 'status': 'CHECKED', 'mismatches': []}"
P742-NN8,"{'code': 'P742-NN8', 'status': 'CHECKED', 'mismatches': []}"
P722-NNH,"{'code': 'P722-NNH', 'status': 'CHECKED', 'mismatches': []}"
P742-NN5,"{'code': 'P742-NN5', 'status': 'CHECKED', 'mismatches': []}"
P421,"{'code': 'P421', 'status': 'CHECKED', 'mismatches': []}"
P441,"{'code': 'P441', 'status': 'CHECKED', 'mismatches': []}"
P724,"{'code': 'P724', 'status': 'CHECKED', 'mismatches': []}"
P727,"{'code': 'P727', 'status': 'CHECKED', 'mismatches': []}"
P742-NN6,"{'code': 'P742-NN6', 'status': 'CHECKED', 'mismatches': []}"
P41B,"{'code': 'P41B', 'status': 'CHECKED', 'mismatches': []}"
P422-NN5,"{'code': 'P422-NN5', 'status': 'CHECKED', 'mismatches': []}"
P422-NN7,"{'code': 'P422-NN7', 'status': 'CHECKED', 'mismatches': []}"
P442-NN5,"{'code': 'P442-NN5', 'status': 'CHECKED', 'mismatches': []}"
P442-NN7,"{'code': 'P442-NN7', 'status': 'CHECKED', 'mismatches': []}"
P44G-HN2,"{'code': 'P44G-HN2', 'status': 'CHECKED', 'mismatches': []}"
P44A-NN3,"{'code': 'P44A-NN3', 'status': 'CHECKED', 'mismatches': []}"
P420,"{'code': 'P420', 'status': 'CHECKED', 'mismatches': []}"
P440-HN4,"{'code': 'P440-HN4', 'status': 'CHECKED', 'mismatches': []}"
P420-NN7,"{'code': 'P420-NN7', 'status': 'CHECKED', 'mismatches': []}"
P42K,"{'code': 'P42K', 'status': 'CHECKED', 'mismatches': []}"
P44K-H,"{'code': 'P44K-H', 'status': 'CHECKED', 'mismatches': []}"
P42I,"{'code': 'P42I', 'status': 'CHECKED', 'mismatches': []}"
P622,"{'code': 'P622', 'status': 'CHECKED', 'mismatches': []}"
P625,"{'code': 'P625', 'status': 'CHECKED', 'mismatches': []}"
P49M-NK2,"{'code': 'P49M-NK2', 'status': 'CHECKED', 'mismatches': []}"
P490-NK5,"{'code': 'P490-NK5', 'status': 'CHECKED', 'mismatches': []}"
P29A-NKF,"{'code': 'P29A-NKF', 'status': 'CHECKED', 'mismatches': []}"
P540-NNN-D,"{'code': 'P540-NNN-D', 'status': 'CHECKED', 'mismatches': []}"
P5K0-NNKA,"{'code': 'P5K0-NNKA', 'status': 'CHECKED', 'mismatches': []}"
P542-NNCA,"{'code': 'P542-NNCA', 'status': 'CHECKED', 'mismatches': []}"
P541-NNJ,"{'code': 'P541-NNJ', 'status': 'CHECKED', 'mismatches': []}"
P541-NNK,"{'code': 'P541-NNK', 'status': 'CHECKED', 'mismatches': []}"
P541-NND,"{'code': 'P541-NND', 'status': 'CHECKED', 'mismatches': []}"
P541-NNH,"{'code': 'P541-NNH', 'status': 'CHECKED', 'mismatches': []}"
P541-NNE,"{'code': 'P541-NNE', 'status': 'CHECKED', 'mismatches': []}"
P548,"{'code': 'P548', 'status': 'CHECKED', 'mismatches': []}"
P105-L,"{'code': 'P105-L', 'status': 'CHECKED', 'mismatches': []}"
P102-L,"{'code': 'P102-L', 'status': 'CHECKED', 'mismatches': []}"
P102-LNP,"{'code': 'P102-LNP', 'status': 'CHECKED', 'mismatches': []}"
P108-L,"{'code': 'P108-L', 'status': 'CHECKED', 'mismatches': []}"
P107-L,"{'code': 'P107-L', 'status': 'CHECKED', 'mismatches': []}"
P135-L,"{'code': 'P135-L', 'status': 'CHECKED', 'mismatches': []}"
P132-L,"{'code': 'P132-L', 'status': 'CHECKED', 'mismatches': []}"
P132-LNP,"{'code': 'P132-LNP', 'status': 'CHECKED', 'mismatches': []}"
P133-L,"{'code': 'P133-L', 'status': 'CHECKED', 'mismatches': []}"
P138-L,"{'code': 'P138-L', 'status': 'CHECKED', 'mismatches': []}"
P138-LN1,"{'code': 'P138-LN1', 'status': 'CHECKED', 'mismatches': []}"
P137-L,"{'code': 'P137-L', 'status': 'CHECKED', 'mismatches': []}"
P137-LN1,"{'code': 'P137-LN1', 'status': 'CHECKED', 'mismatches': []}"
P136-L,"{'code': 'P136-L', 'status': 'CHECKED', 'mismatches': []}"
P13A-L,"{'code': 'P13A-L', 'status': 'CHECKED', 'mismatches': []}"
P13AF-L,"{'code': 'P13AF-L', 'status': 'CHECKED', 'mismatches': []}"
P131-L,"{'code': 'P131-L', 'status': 'CHECKED', 'mismatches': []}"
P13Q-L,"{'code': 'P13Q-L', 'status': 'CHECKED', 'mismatches': []}"
P139-L,"{'code': 'P139-L', 'status': 'CHECKED', 'mismatches': []}"
P13E-L,"{'code': 'P13E-L', 'status': 'CHECKED', 'mismatches': []}"
P13C-L,"{'code': 'P13C-L', 'status': 'CHECKED', 'mismatches': []}"
P13O-L,"{'code': 'P13O-L', 'status': 'CHECKED', 'mismatches': []}"
P124-L,"{'code': 'P124-L', 'status': 'CHECKED', 'mismatches': []}"
P123-L,"{'code': 'P123-L', 'status': 'CHECKED', 'mismatches': []}"
P321-L,"{'code': 'P321-L', 'status': 'CHECKED', 'mismatches': []}"
P322-L,"{'code': 'P322-L', 'status': 'CHECKED', 'mismatches': []}"
P324-LN8,"{'code': 'P324-LN8', 'status': 'CHECKED', 'mismatches': []}"
P344-L,"{'code': 'P344-L', 'status': 'CHECKED', 'mismatches': []}"
P325-L,"{'code': 'P325-L', 'status': 'CHECKED', 'mismatches': []}"
P722-LNJ,"{'code': 'P722-LNJ', 'status': 'CHECKED', 'mismatches': []}"
P742-LN1,"{'code': 'P742-LN1', 'status': 'CHECKED', 'mismatches': []}"
P742-LN2,"{'code': 'P742-LN2', 'status': 'CHECKED', 'mismatches': []}"
P742-LNM,"{'code': 'P742-LNM', 'status': 'CHECKED', 'mismatches': []}"
P722-LNF,"{'code': 'P722-LNF', 'status': 'CHECKED', 'mismatches': []}"
P742-LN3,"{'code': 'P742-LN3', 'status': 'CHECKED', 'mismatches': []}"
P540-LNN-D,"{'code': 'P540-LNN-D', 'status': 'CHECKED', 'mismatches': []}"
P542-L,"{'code': 'P542-L', 'status': 'CHECKED', 'mismatches': []}"
P521-L,"{'code': 'P521-L', 'status': 'CHECKED', 'mismatches': []}"
P521-LN5,"{'code': 'P521-LN5', 'status': 'CHECKED', 'mismatches': []}"
P521-LN6,"{'code': 'P521-LN6', 'status': 'CHECKED', 'mismatches': []}"
P521-LNC,"{'code': 'P521-LNC', 'status': 'CHECKED', 'mismatches': []}"
P521-LN7,"{'code': 'P521-LN7', 'status': 'CHECKED', 'mismatches': []}"
P371-NNAF,"{'code': 'P371-NNAF', 'status': 'CHECKED', 'mismatches': []}"
P371-YNAF,"{'code': 'P371-YNAF', 'status': 'CHECKED', 'mismatches': []}"
P370-NN2F,"{'code': 'P370-NN2F', 'status': 'CHECKED', 'mismatches': []}"
P370-NN3F,"{'code': 'P370-NN3F', 'status': 'CHECKED', 'mismatches': []}"
P370-NNAF,"{'code': 'P370-NNAF', 'status': 'CHECKED', 'mismatches': []}"
P370-NNBF,"{'code': 'P370-NNBF', 'status': 'CHECKED', 'mismatches': []}"
P370-NN7F,"{'code': 'P370-NN7F', 'status': 'CHECKED', 'mismatches': []}"
P370-NN6F,"{'code': 'P370-NN6F', 'status': 'CHECKED', 'mismatches': []}"
P370-NNAB,"{'code': 'P370-NNAB', 'status': 'CHECKED', 'mismatches': []}"
P370-NNZ,"{'code': 'P370-NNZ', 'status': 'CHECKED', 'mismatches': []}"
P362,"{'code': 'P362', 'status': 'CHECKED', 'mismatches': []}"
P363,"{'code': 'P363', 'status': 'CHECKED', 'mismatches': []}"
P363-NN-1,"{'code': 'P363-NN-1', 'status': 'CHECKED', 'mismatches': []}"
P4AE,"{'code': 'P4AE', 'status': 'CHECKED', 'mismatches': []}"
P4BE-NN1,"{'code': 'P4BE-NN1', 'status': 'CHECKED', 'mismatches': []}"
P375-NN3,"{'code': 'P375-NN3', 'status': 'CHECKED', 'mismatches': []}"
P762-NNJ,"{'code': 'P762-NNJ', 'status': 'CHECKED', 'mismatches': []}"
P772-NN1,"{'code': 'P772-NN1', 'status': 'CHECKED', 'mismatches': []}"
P762-NNM,"{'code': 'P762-NNM', 'status': 'CHECKED', 'mismatches': []}"
P762-NNF,"{'code': 'P762-NNF', 'status': 'CHECKED', 'mismatches': []}"
P762-NNP,"{'code': 'P762-NNP', 'status': 'CHECKED', 'mismatches': []}"
P762-NNL,"{'code': 'P762-NNL', 'status': 'CHECKED', 'mismatches': []}"
P471,"{'code': 'P471', 'status': 'CHECKED', 'mismatches': []}"
P764,"{'code': 'P764', 'status': 'CHECKED', 'mismatches': []}"
P767,"{'code': 'P767', 'status': 'CHECKED', 'mismatches': []}"
P472,"{'code': 'P472', 'status': 'CHECKED', 'mismatches': []}"
P466,"{'code': 'P466', 'status': 'CHECKED', 'mismatches': []}"
P46A,"{'code': 'P46A', 'status': 'CHECKED', 'mismatches': []}"
P46C,"{'code': 'P46C', 'status': 'CHECKED', 'mismatches': []}"
P46G-NN2A,"{'code': 'P46G-NN2A', 'status': 'CHECKED', 'mismatches': []}"
P46A-NN5,"{'code': 'P46A-NN5', 'status': 'CHECKED', 'mismatches': []}"
P46A-NN2,"{'code': 'P46A-NN2', 'status': 'CHECKED', 'mismatches': []}"
P467,"{'code': 'P467', 'status': 'CHECKED', 'mismatches': []}"
P46K,"{'code': 'P46K', 'status': 'CHECKED', 'mismatches': []}"
P468,"{'code': 'P468', 'status': 'CHECKED', 'mismatches': []}"
P46I-NN1,"{'code': 'P46I-NN1', 'status': 'CHECKED', 'mismatches': []}"
P469-NN1,"{'code': 'P469-NN1', 'status': 'CHECKED', 'mismatches': []}"
P463,"{'code': 'P463', 'status': 'CHECKED', 'mismatches': []}"
P4AB,"{'code': 'P4AB', 'status': 'CHECKED', 'mismatches': []}"
P4BB,"{'code': 'P4BB', 'status': 'CHECKED', 'mismatches': []}"
P465,"{'code': 'P465', 'status': 'CHECKED', 'mismatches': []}"
P464,"{'code': 'P464', 'status': 'CHECKED', 'mismatches': []}"
P6A1,"{'code': 'P6A1', 'status': 'CHECKED', 'mismatches': []}"
P661,"{'code': 'P661', 'status': 'CHECKED', 'mismatches': []}"
P6A2,"{'code': 'P6A2', 'status': 'CHECKED', 'mismatches': []}"
P6B2,"{'code': 'P6B2', 'status': 'CHECKED', 'mismatches': []}"
P172,"{'code': 'P172', 'status': 'CHECKED', 'mismatches': []}"
P172-YNQ,"{'code': 'P172-YNQ', 'status': 'CHECKED', 'mismatches': []}"
P17X,"{'code': 'P17X', 'status': 'CHECKED', 'mismatches': []}"
P17AC,"{'code': 'P17AC', 'status': 'CHECKED', 'mismatches': []}"
P17AD,"{'code': 'P17AD', 'status': 'CHECKED', 'mismatches': []}"
P17E,"{'code': 'P17E', 'status': 'CHECKED', 'mismatches': []}"
P17N,"{'code': 'P17N', 'status': 'CHECKED', 'mismatches': []}"
P17R,"{'code': 'P17R', 'status': 'CHECKED', 'mismatches': []}"
P17F,"{'code': 'P17F', 'status': 'CHECKED', 'mismatches': []}"
P175-NNA,"{'code': 'P175-NNA', 'status': 'CHECKED', 'mismatches': []}"
P17J,"{'code': 'P17J', 'status': 'CHECKED', 'mismatches': []}"
P17Q,"{'code': 'P17Q', 'status': 'CHECKED', 'mismatches': []}"
P171,"{'code': 'P171', 'status': 'CHECKED', 'mismatches': []}"
P171-Y,"{'code': 'P171-Y', 'status': 'CHECKED', 'mismatches': []}"
P164-NN1,"{'code': 'P164-NN1', 'status': 'CHECKED', 'mismatches': []}"
P164-HN8,"{'code': 'P164-HN8', 'status': 'CHECKED', 'mismatches': []}"
P164-HN7,"{'code': 'P164-HN7', 'status': 'CHECKED', 'mismatches': []}"
P164-HN9,"{'code': 'P164-HN9', 'status': 'CHECKED', 'mismatches': []}"
P163,"{'code': 'P163', 'status': 'CHECKED', 'mismatches': []}"
P16AJ,"{'code': 'P16AJ', 'status': 'CHECKED', 'mismatches': []}"
P26B-NN1,"{'code': 'P26B-NN1', 'status': 'CHECKED', 'mismatches': []}"
P26B-NN2,"{'code': 'P26B-NN2', 'status': 'CHECKED', 'mismatches': []}"
P26B-NN3,"{'code': 'P26B-NN3', 'status': 'CHECKED', 'mismatches': []}"
P26B-NN5,"{'code': 'P26B-NN5', 'status': 'CHECKED', 'mismatches': []}"
P26B-NN6,"{'code': 'P26B-NN6', 'status': 'CHECKED', 'mismatches': []}"
P26E,"{'code': 'P26E', 'status': 'CHECKED', 'mismatches': []}"
P26C,"{'code': 'P26C', 'status': 'CHECKED', 'mismatches': []}"
P26F-NN1,"{'code': 'P26F-NN1', 'status': 'CHECKED', 'mismatches': []}"
P264,"{'code': 'P264', 'status': 'CHECKED', 'mismatches': []}"
P265-NN1,"{'code': 'P265-NN1', 'status': 'CHECKED', 'mismatches': []}"
P260-H,"{'code': 'P260-H', 'status': 'CHECKED', 'mismatches': []}"
P263-H,"{'code': 'P263-H', 'status': 'CHECKED', 'mismatches': []}"
P26G,"{'code': 'P26G', 'status': 'CHECKED', 'mismatches': []}"
P26G-NN1,"{'code': 'P26G-NN1', 'status': 'CHECKED', 'mismatches': []}"
P262-H,"{'code': 'P262-H', 'status': 'CHECKED', 'mismatches': []}"
P2L2,"{'code': 'P2L2', 'status': 'CHECKED', 'mismatches': [{'field': 'International Exposure Option', 'expected': True, 'live': False}]}"
P268-H,"{'code': 'P268-H', 'status': 'CHECKED', 'mismatches': []}"
P266-H,"{'code': 'P266-H', 'status': 'CHECKED', 'mismatches': []}"
P269,"{'code': 'P269', 'status': 'CHECKED', 'mismatches': []}"
P269-NN-1,"{'code': 'P269-NN-1', 'status': 'CHECKED', 'mismatches': []}"
P26J,"{'code': 'P26J', 'status': 'CHECKED', 'mismatches': []}"
P570-NN1-D,"{'code': 'P570-NN1-D', 'status': 'CHECKED', 'mismatches': []}"
P570-NN2-D,"{'code': 'P570-NN2-D', 'status': 'CHECKED', 'mismatches': []}"
P570-NNB-D,"{'code': 'P570-NNB-D', 'status': 'CHECKED', 'mismatches': []}"
P570-NN3-D,"{'code': 'P570-NN3-D', 'status': 'CHECKED', 'mismatches': []}"
P570-NND-D,"{'code': 'P570-NND-D', 'status': 'CHECKED', 'mismatches': []}"
P580-NNLA,"{'code': 'P580-NNLA', 'status': 'CHECKED', 'mismatches': []}"
P572-NNDA,"{'code': 'P572-NNDA', 'status': 'CHECKED', 'mismatches': []}"
P572-NNEA,"{'code': 'P572-NNEA', 'status': 'CHECKED', 'mismatches': []}"
P572-NNFA,"{'code': 'P572-NNFA', 'status': 'CHECKED', 'mismatches': []}"
P561-NNM,"{'code': 'P561-NNM', 'status': 'CHECKED', 'mismatches': []}"
P568,"{'code': 'P568', 'status': 'CHECKED', 'mismatches': []}"
P5D0-NN1,"{'code': 'P5D0-NN1', 'status': 'NO_EXPECTED_DATA'}"
P5D0-TN1,"{'code': 'P5D0-TN1', 'status': 'NO_EXPECTED_DATA'}"
P3D2,"{'code': 'P3D2', 'status': 'NO_EXPECTED_DATA'}"
P3D2-T,"{'code': 'P3D2-T', 'status': 'NO_EXPECTED_DATA'}"
P3D3,"{'code': 'P3D3', 'status': 'NO_EXPECTED_DATA'}"
P4D3,"{'code': 'P4D3', 'status': 'NO_EXPECTED_DATA'}"
P3D3-T,"{'code': 'P3D3-T', 'status': 'NO_EXPECTED_DATA'}"
P4D3-T,"{'code': 'P4D3-T', 'status': 'NO_EXPECTED_DATA'}"
P3D1,"{'code': 'P3D1', 'status': 'NO_EXPECTED_DATA'}"
P3D1-T,"{'code': 'P3D1-T', 'status': 'NO_EXPECTED_DATA'}"
P6D1,"{'code': 'P6D1', 'status': 'NO_EXPECTED_DATA'}"
P6D1-T,"{'code': 'P6D1-T', 'status': 'NO_EXPECTED_DATA'}"
P6D2,"{'code': 'P6D2', 'status': 'NO_EXPECTED_DATA'}"
P6D2-T,"{'code': 'P6D2-T', 'status': 'NO_EXPECTED_DATA'}"
P2DB-NN3,"{'code': 'P2DB-NN3', 'status': 'NO_EXPECTED_DATA'}"
P2DL,"{'code': 'P2DL', 'status': 'NO_EXPECTED_DATA'}"
P2D0,"{'code': 'P2D0', 'status': 'NO_EXPECTED_DATA'}"
P2DL-T,"{'code': 'P2DL-T', 'status': 'NO_EXPECTED_DATA'}"
P2D0-T,"{'code': 'P2D0-T', 'status': 'NO_EXPECTED_DATA'}"
P2D1,"{'code': 'P2D1', 'status': 'NO_EXPECTED_DATA'}"
P2D1-T,"{'code': 'P2D1-T', 'status': 'NO_EXPECTED_DATA'}"
P2D6,"{'code': 'P2D6', 'status': 'NO_EXPECTED_DATA'}"
P2D6-T,"{'code': 'P2D6-T', 'status': 'NO_EXPECTED_DATA'}"
P1D5-T,"{'code': 'P1D5-T', 'status': 'NO_EXPECTED_DATA'}"
P1D5,"{'code': 'P1D5', 'status': 'NO_EXPECTED_DATA'}"
P2D9-T,"{'code': 'P2D9-T', 'status': 'NO_EXPECTED_DATA'}"
P2D9,"{'code': 'P2D9', 'status': 'NO_EXPECTED_DATA'}"
P1D8,"{'code': 'P1D8', 'status': 'NO_EXPECTED_DATA'}"
P1D8-T,"{'code': 'P1D8-T', 'status': 'NO_EXPECTED_DATA'}"
P2D3,"{'code': 'P2D3', 'status': 'NO_EXPECTED_DATA'}"
P2D3-T,"{'code': 'P2D3-T', 'status': 'NO_EXPECTED_DATA'}"
P2D8,"{'code': 'P2D8', 'status': 'NO_EXPECTED_DATA'}"
P2D8-T,"{'code': 'P2D8-T', 'status': 'NO_EXPECTED_DATA'}"
P2D2,"{'code': 'P2D2', 'status': 'NO_EXPECTED_DATA'}"
P2D2-T,"{'code': 'P2D2-T', 'status': 'NO_EXPECTED_DATA'}"
P7D4,"{'code': 'P7D4', 'status': 'NO_EXPECTED_DATA'}"
P7D4-T,"{'code': 'P7D4-T', 'status': 'NO_EXPECTED_DATA'}"
P2DD,"{'code': 'P2DD', 'status': 'NO_EXPECTED_DATA'}"
P2DD-T,"{'code': 'P2DD-T', 'status': 'NO_EXPECTED_DATA'}"
P4D6,"{'code': 'P4D6', 'status': 'NO_EXPECTED_DATA'}"
P4D6-T,"{'code': 'P4D6-T', 'status': 'NO_EXPECTED_DATA'}"
P4DA,"{'code': 'P4DA', 'status': 'NO_EXPECTED_DATA'}"
P4DA-T,"{'code': 'P4DA-T', 'status': 'NO_EXPECTED_DATA'}"
P5D0-NN8,"{'code': 'P5D0-NN8', 'status': 'NO_EXPECTED_DATA'}"
P5D0-TN8,"{'code': 'P5D0-TN8', 'status': 'NO_EXPECTED_DATA'}"
P2D7,"{'code': 'P2D7', 'status': 'NO_EXPECTED_DATA'}"
P2D7-T,"{'code': 'P2D7-T', 'status': 'NO_EXPECTED_DATA'}"
P5D0-NN3,"{'code': 'P5D0-NN3', 'status': 'NO_EXPECTED_DATA'}"
P5D0-TN3,"{'code': 'P5D0-TN3', 'status': 'NO_EXPECTED_DATA'}"
P5D0-NN6,"{'code': 'P5D0-NN6', 'status': 'NO_EXPECTED_DATA'}"
P5D0-TN6,"{'code': 'P5D0-TN6', 'status': 'NO_EXPECTED_DATA'}"
P5D0-NN2,"{'code': 'P5D0-NN2', 'status': 'NO_EXPECTED_DATA'}"
P5D0-TN2,"{'code': 'P5D0-TN2', 'status': 'NO_EXPECTED_DATA'}"
P1D2-T,"{'code': 'P1D2-T', 'status': 'NO_EXPECTED_DATA'}"
P7D3-T,"{'code': 'P7D3-T', 'status': 'NO_EXPECTED_DATA'}"
P1D2,"{'code': 'P1D2', 'status': 'NO_EXPECTED_DATA'}"
P7D3,"{'code': 'P7D3', 'status': 'NO_EXPECTED_DATA'}"
P2DB-NN1,"{'code': 'P2DB-NN1', 'status': 'NO_EXPECTED_DATA'}"
P4D7-T,"{'code': 'P4D7-T', 'status': 'NO_EXPECTED_DATA'}"
P4D7,"{'code': 'P4D7', 'status': 'NO_EXPECTED_DATA'}"
P1D4,"{'code': 'P1D4', 'status': 'NO_EXPECTED_DATA'}"
P1D4-T,"{'code': 'P1D4-T', 'status': 'NO_EXPECTED_DATA'}"
P1D6-T,"{'code': 'P1D6-T', 'status': 'NO_EXPECTED_DATA'}"
P1D6,"{'code': 'P1D6', 'status': 'NO_EXPECTED_DATA'}"
P4D4,"{'code': 'P4D4', 'status': 'NO_EXPECTED_DATA'}"
P4D4-T,"{'code': 'P4D4-T', 'status': 'NO_EXPECTED_DATA'}"
P4D5-T,"{'code': 'P4D5-T', 'status': 'NO_EXPECTED_DATA'}"
P4D5,"{'code': 'P4D5', 'status': 'NO_EXPECTED_DATA'}"
P4D9,"{'code': 'P4D9', 'status': 'NO_EXPECTED_DATA'}"
P4D9-T,"{'code': 'P4D9-T', 'status': 'NO_EXPECTED_DATA'}"
P4D1-T,"{'code': 'P4D1-T', 'status': 'NO_EXPECTED_DATA'}"
P4D1,"{'code': 'P4D1', 'status': 'NO_EXPECTED_DATA'}"
P5D2,"{'code': 'P5D2', 'status': 'NO_EXPECTED_DATA'}"
P5D2-T,"{'code': 'P5D2-T', 'status': 'NO_EXPECTED_DATA'}"
P1D7,"{'code': 'P1D7', 'status': 'NO_EXPECTED_DATA'}"
P1D7-T,"{'code': 'P1D7-T', 'status': 'NO_EXPECTED_DATA'}"
P2DB-NN5,"{'code': 'P2DB-NN5', 'status': 'NO_EXPECTED_DATA'}"
P2DB-NN6,"{'code': 'P2DB-NN6', 'status': 'NO_EXPECTED_DATA'}"
P2D4-NN1,"{'code': 'P2D4-NN1', 'status': 'NO_EXPECTED_DATA'}"
P3D4,"{'code': 'P3D4', 'status': 'NO_EXPECTED_DATA'}"
P4DE,"{'code': 'P4DE', 'status': 'NO_EXPECTED_DATA'}"
P4D8,"{'code': 'P4D8', 'status': 'NO_EXPECTED_DATA'}"
P3D4-T,"{'code': 'P3D4-T', 'status': 'NO_EXPECTED_DATA'}"
P4DE-T,"{'code': 'P4DE-T', 'status': 'NO_EXPECTED_DATA'}"
P4D8-T,"{'code': 'P4D8-T', 'status': 'NO_EXPECTED_DATA'}"
P2DC-NN1,"{'code': 'P2DC-NN1', 'status': 'NO_EXPECTED_DATA'}"
P5D4,"{'code': 'P5D4', 'status': 'NO_EXPECTED_DATA'}"
P5D4-T,"{'code': 'P5D4-T', 'status': 'NO_EXPECTED_DATA'}"
P5D5-T,"{'code': 'P5D5-T', 'status': 'NO_EXPECTED_DATA'}"
P5D5,"{'code': 'P5D5', 'status': 'NO_EXPECTED_DATA'}"
P4DB,"{'code': 'P4DB', 'status': 'NO_EXPECTED_DATA'}"
P4DB-T,"{'code': 'P4DB-T', 'status': 'NO_EXPECTED_DATA'}"
P3D5-NN1,"{'code': 'P3D5-NN1', 'status': 'NO_EXPECTED_DATA'}"
P3D5-TN1,"{'code': 'P3D5-TN1', 'status': 'NO_EXPECTED_DATA'}"
P1DC,"{'code': 'P1DC', 'status': 'NO_EXPECTED_DATA'}"
P2DS,"{'code': 'P2DS', 'status': 'NO_EXPECTED_DATA'}"
P1DC-T,"{'code': 'P1DC-T', 'status': 'NO_EXPECTED_DATA'}"
P2DS-T,"{'code': 'P2DS-T', 'status': 'NO_EXPECTED_DATA'}"
P4DF,"{'code': 'P4DF', 'status': 'NO_EXPECTED_DATA'}"
P4DF-T,"{'code': 'P4DF-T', 'status': 'NO_EXPECTED_DATA'}"
P1DE,"{'code': 'P1DE', 'status': 'NO_EXPECTED_DATA'}"
P1DE-T,"{'code': 'P1DE-T', 'status': 'NO_EXPECTED_DATA'}"
P1DV-T,"{'code': 'P1DV-T', 'status': 'NO_EXPECTED_DATA'}"
P1DV,"{'code': 'P1DV', 'status': 'NO_EXPECTED_DATA'}"
P7D1,"{'code': 'P7D1', 'status': 'NO_EXPECTED_DATA'}"
P2DG,"{'code': 'P2DG', 'status': 'NO_EXPECTED_DATA'}"
P2DG-T,"{'code': 'P2DG-T', 'status': 'NO_EXPECTED_DATA'}"
P7D1-T,"{'code': 'P7D1-T', 'status': 'NO_EXPECTED_DATA'}"
P4D2-NN1,"{'code': 'P4D2-NN1', 'status': 'NO_EXPECTED_DATA'}"
P4D2-TN1,"{'code': 'P4D2-TN1', 'status': 'NO_EXPECTED_DATA'}"
P4D2-NNA,"{'code': 'P4D2-NNA', 'status': 'NO_EXPECTED_DATA'}"
P4D2-TNA,"{'code': 'P4D2-TNA', 'status': 'NO_EXPECTED_DATA'}"
P2DE-NN1,"{'code': 'P2DE-NN1', 'status': 'NO_EXPECTED_DATA'}"
P2DB-NN8,"{'code': 'P2DB-NN8', 'status': 'NO_EXPECTED_DATA'}"
P5D0-NND,"{'code': 'P5D0-NND', 'status': 'NO_EXPECTED_DATA'}"
P5D0-TND,"{'code': 'P5D0-TND', 'status': 'NO_EXPECTED_DATA'}"
P5D0-NNB,"{'code': 'P5D0-NNB', 'status': 'NO_EXPECTED_DATA'}"
P5D0-TNB,"{'code': 'P5D0-TNB', 'status': 'NO_EXPECTED_DATA'}"
P2D4-TN1,"{'code': 'P2D4-TN1', 'status': 'NO_EXPECTED_DATA'}"
P7D2-NN3,"{'code': 'P7D2-NN3', 'status': 'NO_EXPECTED_DATA'}"
P7D2-TN3,"{'code': 'P7D2-TN3', 'status': 'NO_EXPECTED_DATA'}"
P7D2-NN1,"{'code': 'P7D2-NN1', 'status': 'NO_EXPECTED_DATA'}"
P7D2-TN1,"{'code': 'P7D2-TN1', 'status': 'NO_EXPECTED_DATA'}"
P7D2-NN2,"{'code': 'P7D2-NN2', 'status': 'NO_EXPECTED_DATA'}"
P7D2-TN2,"{'code': 'P7D2-TN2', 'status': 'NO_EXPECTED_DATA'}"
P7D2-NN9,"{'code': 'P7D2-NN9', 'status': 'NO_EXPECTED_DATA'}"
P7D2-TN9,"{'code': 'P7D2-TN9', 'status': 'NO_EXPECTED_DATA'}"
P7D2-NN6,"{'code': 'P7D2-NN6', 'status': 'NO_EXPECTED_DATA'}"
P7D2-TN6,"{'code': 'P7D2-TN6', 'status': 'NO_EXPECTED_DATA'}"
P2DK,"{'code': 'P2DK', 'status': 'NO_EXPECTED_DATA'}"
P4DK,"{'code': 'P4DK', 'status': 'NO_EXPECTED_DATA'}"
P2DK-T,"{'code': 'P2DK-T', 'status': 'NO_EXPECTED_DATA'}"
P4DK-T,"{'code': 'P4DK-T', 'status': 'NO_EXPECTED_DATA'}"
P5D8,"{'code': 'P5D8', 'status': 'NO_EXPECTED_DATA'}"
P1DAL,"{'code': 'P1DAL', 'status': 'NO_EXPECTED_DATA'}"
