OfficialCode,A,B,C,D,E,F,G,H,I,J
P105,Yes,Yes,Yes,Yes,Yes,Yes,Yes,No,No,Yes
P102,Yes,Yes,Yes,Yes,Yes,Yes,Yes,No,No,Yes
P102-NNP,Yes,Yes,Yes,Yes,Yes,Yes,Yes,No,No,Yes
P108,Yes,Yes,Yes,Yes,Yes,Yes,Yes,No,No,Yes
P109,Yes,Yes,Yes,Yes,Yes,Yes,Yes,No,No,Yes
P107,Yes,Yes,Yes,Yes,Yes,Yes,Yes,No,No,Yes
P106,Yes,Yes,Yes,Yes,Yes,Yes,Yes,No,No,Yes
P301,Yes,Yes,Yes,Yes,Yes,Yes,Yes,No,No,Yes
P701,Yes,Yes,Yes,Yes,Yes,Yes,Yes,No,No,Yes
P501,Yes,Yes,Yes,Yes,Yes,Yes,Yes,No,No,Yes
P135,Yes,Yes,Yes,Yes,Yes,Yes,Yes,No,No,Yes
P135-Y,Yes,No,No,Yes,Yes,Yes,Yes,No,No,Yes
P135-NNB,No,No,No,No,No,No,No,No,No,No
P135-NN9,Yes,Yes,Yes,Yes,Yes,Yes,Yes,No,No,Yes
P132,Yes,Yes,Yes,Yes,Yes,Yes,Yes,No,No,Yes
P132-Y,Yes,No,No,Yes,Yes,Yes,Yes,No,No,Yes
P132-NNM,No,No,No,No,No,No,No,No,No,No
P132-NNK,No,No,No,No,No,No,Yes,No,No,No
P132-NNL,No,No,No,No,No,No,Yes,No,No,No
P132-NNAA,No,No,No,No,No,No,No,No,No,No
P132-NNAH,Yes,Yes,Yes,Yes,Yes,Yes,Yes,No,No,Yes
P132-NNAB,No,No,No,No,No,No,No,No,No,No
P132-NNAK,Yes,Yes,Yes,Yes,Yes,Yes,Yes,No,No,Yes
P132-NNS,No,No,No,No,No,No,No,No,No,No
P132-NNT,Yes,Yes,Yes,Yes,Yes,Yes,Yes,No,No,Yes
P132-NNAJ,Yes,Yes,Yes,Yes,Yes,Yes,Yes,No,No,Yes
P132-NNAG,No,No,No,No,No,No,No,No,No,No
P132-HNF,No,No,No,No,No,No,No,No,No,No
P132-HNG,No,No,No,No,No,No,No,No,No,No
P192-NE,Yes,Yes,Yes,Yes,Yes,Yes,Yes,No,No,Yes
P133,Yes,Yes,Yes,Yes,Yes,Yes,Yes,No,No,Yes
P138,Yes,Yes,Yes,Yes,Yes,Yes,Yes,No,No,Yes
P138-Y,Yes,No,No,Yes,Yes,Yes,Yes,No,No,Yes
P138-NN1,Yes,Yes,Yes,Yes,Yes,Yes,Yes,No,No,Yes
P138-YN1,Yes,No,No,Yes,Yes,Yes,Yes,No,No,Yes
P138-NNB,Yes,Yes,Yes,Yes,Yes,Yes,Yes,No,No,Yes
P13E,Yes,Yes,Yes,Yes,Yes,Yes,Yes,No,No,Yes
P137,Yes,Yes,Yes,Yes,Yes,Yes,Yes,No,No,Yes
P137-Y,Yes,No,No,Yes,Yes,Yes,Yes,No,No,Yes
P137-NN3,Yes,Yes,Yes,Yes,Yes,Yes,Yes,No,No,Yes
P136,Yes,Yes,Yes,Yes,Yes,Yes,Yes,No,No,Yes
P13A,Yes,Yes,Yes,Yes,Yes,Yes,Yes,No,No,Yes
P13AF,Yes,Yes,Yes,Yes,Yes,Yes,Yes,No,No,Yes
P131,Yes,Yes,Yes,Yes,Yes,Yes,Yes,No,No,Yes
P131-Y,Yes,No,No,Yes,Yes,Yes,Yes,No,No,Yes
P131-NN4,Yes,Yes,Yes,Yes,Yes,Yes,Yes,No,No,Yes
P13Q,Yes,Yes,Yes,Yes,Yes,Yes,Yes,No,No,Yes
P13O,Yes,Yes,Yes,Yes,Yes,Yes,Yes,No,No,Yes
P139,Yes,Yes,Yes,Yes,Yes,Yes,Yes,No,No,Yes
P139-Y,Yes,No,No,Yes,Yes,Yes,Yes,No,No,Yes
P13C,Yes,Yes,Yes,Yes,Yes,Yes,Yes,No,No,Yes
P124,Yes,Yes,Yes,Yes,Yes,Yes,Yes,Yes,Yes,Yes
P124-NN9,No,No,No,No,No,No,No,No,No,No
P124-NN8,No,No,No,No,No,No,No,No,No,No
P124-NN7,No,No,No,No,No,No,No,No,No,No
P124-NNA,Yes,Yes,Yes,Yes,Yes,Yes,Yes,No,No,Yes
P124-NNC,Yes,Yes,Yes,Yes,Yes,Yes,Yes,No,No,Yes
P22A-NN9,No,No,No,No,No,No,No,No,No,No
P123,Yes,Yes,Yes,Yes,Yes,Yes,Yes,Yes,Yes,Yes
P123-Y,Yes,No,No,Yes,Yes,Yes,Yes,No,No,Yes
P24B-H,Yes,Yes,Yes,Yes,Yes,Yes,Yes,No,No,Yes
P244-HN3,Yes,Yes,Yes,Yes,Yes,Yes,Yes,No,No,Yes
P224,Yes,Yes,Yes,Yes,Yes,Yes,Yes,Yes,Yes,Yes
P245-HN1,Yes,Yes,Yes,Yes,Yes,Yes,Yes,No,No,Yes
P240-HN3,Yes,Yes,Yes,Yes,Yes,Yes,Yes,No,No,Yes
P220,Yes,Yes,Yes,Yes,Yes,Yes,Yes,Yes,Yes,Yes
P243-HN3,Yes,Yes,Yes,Yes,Yes,Yes,Yes,No,No,Yes
P223,Yes,Yes,Yes,Yes,Yes,Yes,Yes,Yes,Yes,Yes
P24G-H,Yes,Yes,Yes,Yes,Yes,Yes,Yes,No,No,Yes
P22G,Yes,Yes,Yes,Yes,Yes,Yes,Yes,Yes,Yes,Yes
P24A-HNB,Yes,Yes,Yes,Yes,Yes,Yes,Yes,No,No,Yes
P22A-NN5,Yes,Yes,Yes,Yes,Yes,Yes,Yes,Yes,Yes,Yes
P24A-HNC,Yes,Yes,Yes,Yes,Yes,Yes,Yes,No,No,Yes
P22A-NN7,Yes,Yes,Yes,Yes,Yes,Yes,Yes,Yes,Yes,Yes
P24A-HND,Yes,Yes,Yes,Yes,Yes,Yes,Yes,No,No,Yes
P22A-NN6,Yes,Yes,Yes,Yes,Yes,Yes,Yes,Yes,Yes,Yes
P24A-HNE,Yes,Yes,Yes,Yes,Yes,Yes,Yes,No,No,Yes
P22A-NN8,Yes,Yes,Yes,Yes,Yes,Yes,Yes,Yes,Yes,Yes
P321,Yes,Yes,Yes,Yes,Yes,Yes,Yes,Yes,Yes,Yes
P321-Y,Yes,No,No,Yes,Yes,Yes,Yes,No,No,Yes
P340-HNAE,Yes,Yes,Yes,Yes,Yes,Yes,Yes,No,No,Yes
P340-HNAH,No,No,No,No,No,No,No,No,No,No
P390-NE,Yes,Yes,Yes,Yes,Yes,Yes,Yes,No,No,Yes
P320-NN6,No,No,No,No,No,No,No,No,No,No
P320-NNG,No,No,No,No,No,No,No,No,No,No
P320-NNB,No,No,No,No,No,No,No,No,No,No
P320-NNV,No,No,No,No,No,No,No,No,No,No
P320-NNX,No,No,No,No,No,No,No,No,No,No
P320-NNY,Yes,Yes,Yes,Yes,Yes,Yes,Yes,Yes,Yes,Yes
P320-NNZ,No,No,No,No,No,No,No,No,No,No
P320-NNAA,Yes,Yes,Yes,Yes,Yes,Yes,Yes,No,No,Yes
P320-NNT,Yes,Yes,Yes,Yes,Yes,Yes,Yes,No,No,Yes
P322,Yes,Yes,Yes,Yes,Yes,Yes,Yes,Yes,Yes,Yes
P322-Y,Yes,No,No,Yes,Yes,Yes,Yes,No,No,Yes
P342-HN9,Yes,Yes,Yes,Yes,Yes,Yes,Yes,No,No,Yes
P322-NN2,No,No,No,No,No,No,No,No,No,No
P322-NN6,No,No,No,No,No,No,No,No,No,No
P322-NN7,No,No,No,No,No,No,No,No,No,No
P322-NNA,No,No,No,No,No,No,No,No,No,No
P323-NN1,Yes,Yes,Yes,Yes,Yes,Yes,Yes,No,No,Yes
P343-HN2,Yes,Yes,Yes,Yes,Yes,Yes,Yes,No,No,Yes
P490-HH,Yes,Yes,Yes,Yes,Yes,Yes,Yes,No,No,Yes
P391-HH,Yes,Yes,Yes,Yes,Yes,Yes,Yes,No,No,Yes
P325,Yes,Yes,Yes,Yes,Yes,Yes,Yes,Yes,Yes,Yes
P320-NNAG,Yes,Yes,Yes,Yes,Yes,Yes,Yes,Yes,Yes,Yes
P320-NNM,Yes,Yes,Yes,Yes,Yes,Yes,Yes,Yes,Yes,Yes
P324-NN8,Yes,Yes,Yes,Yes,Yes,Yes,Yes,No,No,Yes
P344,Yes,Yes,Yes,Yes,Yes,Yes,Yes,Yes,Yes,Yes
P344-Y,Yes,No,No,Yes,Yes,Yes,Yes,No,No,Yes
P324-NN6,Yes,Yes,Yes,Yes,Yes,Yes,Yes,Yes,Yes,Yes
P741,Yes,Yes,Yes,Yes,Yes,Yes,Yes,No,No,Yes
P793-ND2,Yes,Yes,Yes,Yes,Yes,Yes,Yes,No,No,Yes
P722-NNJ,Yes,Yes,Yes,Yes,Yes,Yes,Yes,No,No,Yes
P742-NN1,Yes,Yes,Yes,Yes,Yes,Yes,Yes,No,No,Yes
P742-NN2,Yes,Yes,Yes,Yes,Yes,Yes,Yes,No,No,Yes
P742-NNM,Yes,Yes,Yes,Yes,Yes,Yes,Yes,No,No,Yes
P722-NNF,Yes,Yes,Yes,Yes,Yes,Yes,Yes,No,No,Yes
P742-NN3,Yes,Yes,Yes,Yes,Yes,Yes,Yes,No,No,Yes
P742-YN3,Yes,No,No,Yes,Yes,Yes,Yes,No,No,Yes
P722-NNL,Yes,Yes,Yes,Yes,Yes,Yes,Yes,No,No,Yes
P742-NNL,Yes,Yes,Yes,Yes,Yes,Yes,Yes,No,No,Yes
P722-NNG,Yes,Yes,Yes,Yes,Yes,Yes,Yes,No,No,Yes
P742-NN8,Yes,Yes,Yes,Yes,Yes,Yes,Yes,No,No,Yes
P722-NNH,Yes,Yes,Yes,Yes,Yes,Yes,Yes,No,No,Yes
P742-NN5,Yes,Yes,Yes,Yes,Yes,Yes,Yes,No,No,Yes
P421,Yes,Yes,Yes,Yes,Yes,Yes,Yes,Yes,Yes,Yes
P441,Yes,Yes,Yes,Yes,Yes,Yes,Yes,Yes,Yes,Yes
P724,Yes,Yes,Yes,Yes,Yes,Yes,Yes,No,No,Yes
P727,Yes,Yes,Yes,Yes,Yes,Yes,Yes,No,No,Yes
P742-NN6,Yes,Yes,Yes,Yes,Yes,Yes,Yes,No,No,Yes
P41B,Yes,Yes,Yes,Yes,Yes,Yes,Yes,No,No,Yes
P422-NN5,Yes,Yes,Yes,Yes,Yes,Yes,Yes,Yes,Yes,Yes
P422-NN7,Yes,Yes,Yes,Yes,Yes,Yes,Yes,Yes,Yes,Yes
P442-NN5,Yes,Yes,Yes,Yes,Yes,Yes,Yes,Yes,Yes,Yes
P442-NN7,Yes,Yes,Yes,Yes,Yes,Yes,Yes,Yes,Yes,Yes
P44G-HN2,No,No,No,No,No,No,No,No,No,No
P44A-NN3,Yes,Yes,Yes,Yes,Yes,Yes,Yes,No,No,NO
P420,Yes,Yes,Yes,Yes,Yes,Yes,Yes,Yes,Yes,Yes
P440-HN4,Yes,Yes,Yes,Yes,Yes,Yes,Yes,Yes,Yes,Yes
P420-NN7,Yes,Yes,Yes,Yes,Yes,Yes,Yes,Yes,Yes,Yes
P42K,Yes,Yes,Yes,Yes,Yes,Yes,Yes,Yes,Yes,Yes
P44K-H,Yes,Yes,Yes,Yes,Yes,Yes,Yes,Yes,Yes,Yes
P42I,No,No,No,No,No,No,No,Yes,Yes,Yes
P622,Yes,Yes,Yes,Yes,Yes,Yes,Yes,Yes,Yes,Yes
P625,Yes,Yes,Yes,Yes,Yes,Yes,Yes,Yes,Yes,Yes
P49M-NK2,Yes,Yes,Yes,Yes,Yes,Yes,Yes,No,No,Yes
P490-NK5,Yes,Yes,Yes,Yes,Yes,Yes,Yes,No,No,Yes
P29A-NKF,Yes,Yes,Yes,Yes,Yes,Yes,Yes,No,No,Yes
P540-NNN-D,Yes,Yes,Yes,Yes,Yes,Yes,Yes,No,No,Yes
P5K0-NNKA,No,No,No,No,No,No,No,No,No,No
P542-NNCA,Yes,Yes,Yes,Yes,Yes,Yes,Yes,No,No,No
P541-NNJ,Yes,Yes,Yes,Yes,Yes,Yes,Yes,No,No,No
P541-NNK,Yes,Yes,Yes,Yes,Yes,Yes,Yes,No,No,No
P541-NND,Yes,Yes,Yes,Yes,Yes,Yes,Yes,No,No,No
P541-NNH,Yes,Yes,Yes,Yes,Yes,Yes,Yes,No,No,No
P541-NNE,Yes,Yes,Yes,Yes,Yes,Yes,Yes,No,No,No
P548,Yes,Yes,Yes,Yes,Yes,Yes,Yes,No,No,Yes
P105-L,Yes,Yes,Yes,Yes,Yes,Yes,Yes,Yes,Yes,Yes
P102-L,Yes,Yes,Yes,Yes,Yes,Yes,Yes,Yes,Yes,Yes
P102-LNP,Yes,Yes,Yes,Yes,Yes,Yes,Yes,No,No,Yes
P108-L,Yes,Yes,Yes,Yes,Yes,Yes,Yes,Yes,Yes,Yes
P107-L,Yes,Yes,Yes,Yes,Yes,Yes,Yes,Yes,Yes,Yes
P135-L,Yes,Yes,Yes,Yes,Yes,Yes,Yes,No,No,Yes
P132-L,Yes,Yes,Yes,Yes,Yes,Yes,Yes,No,No,Yes
P132-LNP,Yes,Yes,Yes,Yes,Yes,Yes,Yes,No,No,Yes
P133-L,Yes,Yes,Yes,Yes,Yes,Yes,Yes,No,No,Yes
P138-L,Yes,Yes,Yes,Yes,Yes,Yes,Yes,No,No,Yes
P138-LN1,Yes,Yes,Yes,Yes,Yes,Yes,Yes,No,No,Yes
P137-L,Yes,Yes,Yes,Yes,Yes,Yes,Yes,No,No,Yes
P137-LN1,No,No,No,No,No,No,No,No,No,No
P136-L,Yes,Yes,Yes,Yes,Yes,Yes,Yes,No,No,Yes
P13A-L,Yes,Yes,Yes,Yes,Yes,Yes,Yes,No,No,Yes
P13AF-L,Yes,Yes,Yes,Yes,Yes,Yes,Yes,No,No,Yes
P131-L,Yes,Yes,Yes,Yes,Yes,Yes,Yes,No,No,Yes
P13Q-L,Yes,Yes,Yes,Yes,Yes,Yes,Yes,No,No,Yes
P139-L,Yes,Yes,Yes,Yes,Yes,Yes,Yes,No,No,Yes
P13E-L,Yes,Yes,Yes,Yes,Yes,Yes,Yes,No,No,Yes
P13C-L,Yes,Yes,Yes,Yes,Yes,Yes,Yes,No,No,Yes
P13O-L,Yes,Yes,Yes,Yes,Yes,Yes,Yes,No,No,Yes
P124-L,Yes,Yes,Yes,Yes,Yes,Yes,Yes,Yes,Yes,Yes
P123-L,Yes,Yes,Yes,Yes,Yes,Yes,Yes,Yes,Yes,Yes
P321-L,Yes,Yes,Yes,Yes,Yes,Yes,Yes,Yes,Yes,Yes
P322-L,Yes,Yes,Yes,Yes,Yes,Yes,Yes,Yes,Yes,Yes
P324-LN8,Yes,Yes,Yes,Yes,Yes,Yes,Yes,No,No,Yes
P344-L,Yes,Yes,Yes,Yes,Yes,Yes,Yes,Yes,Yes,Yes
P325-L,Yes,Yes,Yes,Yes,Yes,Yes,Yes,Yes,Yes,Yes
P722-LNJ,Yes,Yes,Yes,Yes,Yes,Yes,Yes,No,No,Yes
P742-LN1,Yes,Yes,Yes,Yes,Yes,Yes,Yes,No,No,Yes
P742-LN2,Yes,Yes,Yes,Yes,Yes,Yes,Yes,No,No,Yes
P742-LNM,Yes,Yes,Yes,Yes,Yes,Yes,Yes,No,No,Yes
P722-LNF,Yes,Yes,Yes,Yes,Yes,Yes,Yes,No,No,Yes
P742-LN3,Yes,Yes,Yes,Yes,Yes,Yes,Yes,No,No,Yes
P540-LNN-D,Yes,Yes,Yes,Yes,Yes,Yes,Yes,No,No,Yes
P542-L,Yes,Yes,Yes,Yes,Yes,Yes,Yes,Yes,Yes,Yes
P521-L,Yes,Yes,Yes,Yes,Yes,Yes,Yes,Yes,Yes,Yes
P521-LN5,Yes,Yes,Yes,Yes,Yes,Yes,Yes,Yes,Yes,Yes
P521-LN6,Yes,Yes,Yes,Yes,Yes,Yes,Yes,Yes,Yes,Yes
P521-LNC,Yes,Yes,Yes,Yes,Yes,Yes,Yes,No,No,No
P521-LN7,Yes,Yes,Yes,Yes,Yes,Yes,Yes,No,No,No
P371-NNAF,Yes,No,Yes,Yes,Yes,Yes,Yes,No,No,Yes
P371-YNAF,Yes,No,No,Yes,Yes,Yes,Yes,No,No,Yes
P370-NN2F,Yes,No,Yes,Yes,Yes,Yes,Yes,No,No,Yes
P370-NN3F,Yes,No,Yes,Yes,Yes,Yes,Yes,No,No,Yes
P370-NNAF,Yes,No,Yes,Yes,Yes,Yes,Yes,No,No,Yes
P370-NNBF,No,No,No,No,No,No,No,No,No,No
P370-NN7F,No,No,No,No,No,No,No,No,No,No
P370-NN6F,No,No,No,No,No,No,No,No,No,No
P370-NNAB,Yes,No,Yes,Yes,Yes,Yes,Yes,No,No,Yes
P370-NNZ,Yes,No,Yes,Yes,Yes,Yes,Yes,No,No,Yes
P362,Yes,No,Yes,Yes,Yes,Yes,Yes,Yes,Yes,Yes
P363,Yes,No,Yes,Yes,Yes,Yes,Yes,Yes,Yes,Yes
P363-NN-1,Yes,No,Yes,Yes,Yes,Yes,Yes,Yes,Yes,Yes
P4AE,Yes,No,Yes,Yes,Yes,Yes,Yes,No,No,Yes
P4BE-NN1,Yes,No,Yes,Yes,Yes,Yes,Yes,No,No,Yes
P375-NN3,Yes,No,Yes,Yes,Yes,Yes,Yes,No,No,Yes
P762-NNJ,Yes,No,Yes,Yes,Yes,Yes,Yes,Yes,Yes,Yes
P772-NN1,Yes,No,Yes,Yes,Yes,Yes,Yes,Yes,Yes,Yes
P762-NNM,Yes,No,Yes,Yes,Yes,Yes,Yes,No,No,Yes
P762-NNF,Yes,No,Yes,Yes,Yes,Yes,Yes,Yes,Yes,Yes
P762-NNP,Yes,No,Yes,Yes,Yes,Yes,Yes,Yes,Yes,Yes
P762-NNL,Yes,No,Yes,Yes,Yes,Yes,Yes,Yes,Yes,Yes
P471,Yes,No,Yes,Yes,Yes,Yes,Yes,Yes,Yes,Yes
P764,Yes,No,Yes,Yes,Yes,Yes,Yes,No,No,Yes
P767,Yes,No,Yes,Yes,Yes,Yes,Yes,No,No,Yes
P472,Yes,No,Yes,Yes,Yes,Yes,Yes,Yes,Yes,Yes
P466,Yes,No,Yes,Yes,Yes,Yes,Yes,Yes,Yes,Yes
P46A,Yes,No,Yes,Yes,Yes,Yes,Yes,Yes,Yes,Yes
P46C,Yes,No,Yes,Yes,Yes,Yes,Yes,Yes,Yes,Yes
P46G-NN2A,No,No,No,No,No,No,No,No,No,No
P46A-NN5,Yes,No,Yes,Yes,Yes,Yes,Yes,Yes,Yes,Yes
P46A-NN2,Yes,No,Yes,Yes,Yes,Yes,Yes,Yes,Yes,Yes
P467,Yes,No,Yes,Yes,Yes,Yes,Yes,Yes,Yes,Yes
P46K,Yes,No,Yes,Yes,Yes,Yes,Yes,Yes,Yes,Yes
P468,Yes,No,Yes,Yes,Yes,Yes,Yes,Yes,Yes,Yes
P46I-NN1,No,No,No,No,No,No,No,Yes,Yes,Yes
P469-NN1,Yes,No,Yes,Yes,Yes,Yes,Yes,Yes,Yes,Yes
P463,Yes,No,Yes,Yes,Yes,Yes,Yes,Yes,Yes,Yes
P4AB,Yes,No,Yes,Yes,Yes,Yes,Yes,No,No,Yes
P4BB,Yes,No,Yes,Yes,Yes,Yes,Yes,No,No,Yes
P465,Yes,No,Yes,Yes,Yes,Yes,Yes,No,No,Yes
P464,Yes,No,Yes,Yes,Yes,Yes,Yes,No,No,Yes
P6A1,Yes,No,Yes,Yes,Yes,Yes,Yes,No,No,Yes
P661,Yes,No,Yes,Yes,Yes,Yes,Yes,No,No,Yes
P6A2,Yes,No,Yes,Yes,Yes,Yes,Yes,Yes,Yes,Yes
P6B2,Yes,No,Yes,Yes,Yes,Yes,Yes,Yes,Yes,Yes
P172,Yes,No,Yes,Yes,Yes,Yes,Yes,No,No,Yes
P172-YNQ,No,No,No,No,No,No,No,No,No,No
P17X,Yes,No,Yes,Yes,Yes,Yes,Yes,No,No,Yes
P17AC,Yes,No,Yes,Yes,Yes,Yes,Yes,No,No,Yes
P17AD,Yes,No,Yes,Yes,Yes,Yes,Yes,No,No,Yes
P17E,Yes,No,Yes,Yes,Yes,Yes,Yes,No,No,Yes
P17N,Yes,No,Yes,Yes,Yes,Yes,Yes,No,No,Yes
P17R,Yes,No,Yes,Yes,Yes,Yes,Yes,No,No,Yes
P17F,Yes,No,Yes,Yes,Yes,Yes,Yes,No,No,Yes
P175-NNA,Yes,No,Yes,Yes,Yes,Yes,Yes,No,No,Yes
P17J,Yes,No,Yes,Yes,Yes,Yes,Yes,No,No,Yes
P17Q,Yes,No,Yes,Yes,Yes,Yes,Yes,No,No,Yes
P171,Yes,No,Yes,Yes,Yes,Yes,Yes,No,No,Yes
P171-Y,Yes,No,No,Yes,Yes,Yes,Yes,No,No,Yes
P164-NN1,Yes,No,Yes,Yes,Yes,Yes,Yes,Yes,Yes,Yes
P164-HN8,No,No,No,No,No,No,No,No,No,No
P164-HN7,No,No,No,No,No,No,No,No,No,No
P164-HN9,No,No,No,No,No,No,No,No,No,Yes
P163,Yes,No,Yes,Yes,Yes,Yes,Yes,Yes,Yes,Yes
P16AJ,No,No,No,No,No,No,No,No,No,No
P26B-NN1,Yes,No,Yes,Yes,Yes,Yes,Yes,No,No,Yes
P26B-NN2,Yes,No,Yes,Yes,Yes,Yes,Yes,No,No,No
P26B-NN3,Yes,No,Yes,Yes,Yes,Yes,Yes,No,No,Yes
P26B-NN5,Yes,No,Yes,Yes,Yes,Yes,Yes,No,No,No
P26B-NN6,Yes,No,Yes,Yes,Yes,Yes,Yes,No,No,No
P26E,Yes,No,Yes,Yes,Yes,Yes,Yes,No,No,No
P26C,Yes,No,Yes,Yes,Yes,Yes,Yes,No,No,Yes
P26F-NN1,Yes,No,Yes,Yes,Yes,Yes,Yes,No,No,No
P264,Yes,No,Yes,Yes,Yes,Yes,Yes,Yes,Yes,Yes
P265-NN1,Yes,No,Yes,Yes,Yes,Yes,Yes,Yes,Yes,Yes
P260-H,Yes,No,Yes,Yes,Yes,Yes,Yes,Yes,Yes,Yes
P263-H,Yes,No,Yes,Yes,Yes,Yes,Yes,Yes,Yes,Yes
P26G,Yes,No,Yes,Yes,Yes,Yes,Yes,Yes,Yes,Yes
P26G-NN1,Yes,No,Yes,Yes,Yes,Yes,Yes,Yes,Yes,Yes
P262-H,Yes,No,Yes,Yes,Yes,Yes,Yes,Yes,Yes,Yes
P2L2,Yes,No,Yes,Yes,Yes,Yes,Yes,Yes,Yes,Yes
P268-H,Yes,No,Yes,Yes,Yes,Yes,Yes,Yes,Yes,Yes
P266-H,Yes,No,Yes,Yes,Yes,Yes,Yes,Yes,Yes,Yes
P269,Yes,No,Yes,Yes,Yes,Yes,Yes,Yes,Yes,Yes
P269-NN-1,Yes,No,Yes,Yes,Yes,Yes,Yes,Yes,Yes,Yes
P26J,Yes,No,Yes,Yes,Yes,Yes,Yes,Yes,Yes,Yes
P570-NN1-D,Yes,No,Yes,Yes,Yes,Yes,Yes,No,No,Yes
P570-NN2-D,Yes,No,Yes,Yes,Yes,Yes,Yes,No,No,Yes
P570-NNB-D,Yes,No,Yes,Yes,Yes,Yes,Yes,No,No,Yes
P570-NN3-D,Yes,No,Yes,Yes,Yes,Yes,Yes,No,No,Yes
P570-NND-D,No,No,No,No,No,No,No,No,No,No
P580-NNLA,No,No,No,No,No,No,No,No,No,No
P572-NNDA,Yes,No,Yes,Yes,Yes,Yes,Yes,No,No,No
P572-NNEA,Yes,No,Yes,Yes,Yes,Yes,Yes,No,No,No
P572-NNFA,Yes,No,Yes,Yes,Yes,Yes,Yes,No,No,No
P561-NNM,Yes,No,Yes,Yes,Yes,Yes,Yes,Yes,Yes,Yes
P568,No,No,No,No,No,No,No,No,No,No
P8G,No,No,No,No,No,No,Yes,No,No,No
P8H,No,No,No,No,No,No,Yes,No,No,No
P8J,No,No,No,No,No,No,Yes,No,No,No
