official_code,eligibility_base,row_label
P105,After 10th,Diploma (Engg.) - all branches
P102,After 10th,Diploma (Engg.) - all branches
P102-NNP,After 10th,Diploma (Engg.) - all branches
P108,After 10th,Diploma (Engg.) - all branches
P109,After 10th,Diploma (Engg.) - all branches
P107,After 10th,Diploma (Engg.) - all branches
P106,After 10th,Diploma (Engg.) - all branches
P301,After 10th,Diploma in Business Administration
P701,After 10th,Dip.in Architectural Assistantship
P501,After 10th,DMLT
P135,After 10+2 (12th),B.Tech - all branches / B Tech [ 2+2 with international credit transfer option] (except CSE/ IT)
P135-Y,After 10+2 (12th),B.Tech - all branches / B Tech [ 2+2 with international credit transfer option] (except CSE/ IT)
P135-NNB,After 10+2 (12th),B.Tech. CSE- Data Science with ML/ B.Tech . (CSE- Cloud Computing and Gen AI)/ B.Tech. (CSE - Artificial Intelligence and Data Science)/ B.Tech. (ECE - Semiconductor and VLSI Design)/ B.Tech (ECE - Artificial Intelligence and Automation)/ B.Tech (Civil - AI and ML)
P135-NN9,After 10+2 (12th),B.Tech. CSE- Data Science with ML/ B.Tech . (CSE- Cloud Computing and Gen AI)/ B.Tech. (CSE - Artificial Intelligence and Data Science)/ B.Tech. (ECE - Semiconductor and VLSI Design)/ B.Tech (ECE - Artificial Intelligence and Automation)/ B.Tech (Civil - AI and ML)
P132,After 10+2 (12th),"B.Tech - (CSE/ IT), B Tech (CSE) [ 2+2 with international credit transfer option]"
P132-Y,After 10+2 (12th),"B.Tech - (CSE/ IT), B Tech (CSE) [ 2+2 with international credit transfer option]"
P132-NNM,After 10+2 (12th),B.Tech. CSE- Data Science with ML/ B.Tech . (CSE- Cloud Computing and Gen AI)/ B.Tech. (CSE - Artificial Intelligence and Data Science)/ B.Tech. (ECE - Semiconductor and VLSI Design)/ B.Tech (ECE - Artificial Intelligence and Automation)/ B.Tech (Civil - AI and ML)
P132-NNK,After 10+2 (12th),B.Tech. (CSE - AI and Data Engineering)
P132-NNL,After 10+2 (12th),B.Tech. (CSE - Software Product Engineering)
P132-NNAA,After 10+2 (12th),B.Tech (CSE - AI and Data Analytics)
P132-NNAH,After 10+2 (12th),B.Tech. CSE- Data Science with ML/ B.Tech . (CSE- Cloud Computing and Gen AI)/ B.Tech. (CSE - Artificial Intelligence and Data Science)/ B.Tech. (ECE - Semiconductor and VLSI Design)/ B.Tech (ECE - Artificial Intelligence and Automation)/ B.Tech (Civil - AI and ML)
P132-NNAB,After 10+2 (12th),B.Tech. CSE- Data Science with ML/ B.Tech . (CSE- Cloud Computing and Gen AI)/ B.Tech. (CSE - Artificial Intelligence and Data Science)/ B.Tech. (ECE - Semiconductor and VLSI Design)/ B.Tech (ECE - Artificial Intelligence and Automation)/ B.Tech (Civil - AI and ML)
P132-NNAK,After 10+2 (12th),B.Tech. (CSE - Artificial Intelligence and Machine Learning) / B.Tech. (CSE - Robotics and Artificial Intelligence)
P132-NNS,After 10+2 (12th),B.Tech. (CSE- Generative AI) [Gen AI]
P132-NNT,After 10+2 (12th),B.Tech. (CSE - Computer Science and Business Systems)
P132-NNAJ,After 10+2 (12th),B.Tech. (CSE - Artificial Intelligence and Machine Learning) / B.Tech. (CSE - Robotics and Artificial Intelligence)
P132-NNAG,After 10+2 (12th),B.Tech (CSE - AI and System Design) with Global Tech Immersion
P132-HNF,After 10+2 (12th),B.Tech (Hons.) (CSE- - Data Science and Data Engineering) / B.Tech (Hons.) (CSE- Cyber Security and Block Chain)
P132-HNG,After 10+2 (12th),B.Tech (Hons.) (CSE- - Data Science and Data Engineering) / B.Tech (Hons.) (CSE- Cyber Security and Block Chain)
P192-NE,After 10+2 (12th),Integrated B.Tech. Computer Science and Engineering - MBA
P133,After 10+2 (12th),"B.Tech - (CSE/ IT), B Tech (CSE) [ 2+2 with international credit transfer option]"
P138,After 10+2 (12th),B.Tech - all branches / B Tech [ 2+2 with international credit transfer option] (except CSE/ IT)
P138-Y,After 10+2 (12th),B.Tech - all branches / B Tech [ 2+2 with international credit transfer option] (except CSE/ IT)
P138-NN1,After 10+2 (12th),B.Tech - all branches / B Tech [ 2+2 with international credit transfer option] (except CSE/ IT)
P138-YN1,After 10+2 (12th),B.Tech - all branches / B Tech [ 2+2 with international credit transfer option] (except CSE/ IT)
P138-NNB,After 10+2 (12th),B.Tech. (ME - Artificial Intelligence and Machine Learning)
P13E,After 10+2 (12th),B.Tech - all branches / B Tech [ 2+2 with international credit transfer option] (except CSE/ IT)
P137,After 10+2 (12th),B.Tech - all branches / B Tech [ 2+2 with international credit transfer option] (except CSE/ IT)
P137-Y,After 10+2 (12th),B.Tech - all branches / B Tech [ 2+2 with international credit transfer option] (except CSE/ IT)
P137-NN3,After 10+2 (12th),B.Tech. CSE- Data Science with ML/ B.Tech . (CSE- Cloud Computing and Gen AI)/ B.Tech. (CSE - Artificial Intelligence and Data Science)/ B.Tech. (ECE - Semiconductor and VLSI Design)/ B.Tech (ECE - Artificial Intelligence and Automation)/ B.Tech (Civil - AI and ML)
P136,After 10+2 (12th),B.Tech - all branches / B Tech [ 2+2 with international credit transfer option] (except CSE/ IT)
P13A,After 10+2 (12th),B.Tech - all branches / B Tech [ 2+2 with international credit transfer option] (except CSE/ IT)
P13AF,After 10+2 (12th),B.Tech. (Robotics and Automation)
P131,After 10+2 (12th),B.Tech - all branches / B Tech [ 2+2 with international credit transfer option] (except CSE/ IT)
P131-Y,After 10+2 (12th),B.Tech - all branches / B Tech [ 2+2 with international credit transfer option] (except CSE/ IT)
P131-NN4,After 10+2 (12th),B.Tech (Genetics and Artificial Intelligence)
P13Q,After 10+2 (12th),B.Tech - all branches / B Tech [ 2+2 with international credit transfer option] (except CSE/ IT)
P13O,After 10+2 (12th),B.Tech - all branches / B Tech [ 2+2 with international credit transfer option] (except CSE/ IT)
P139,After 10+2 (12th),B.Tech - all branches / B Tech [ 2+2 with international credit transfer option] (except CSE/ IT)
P139-Y,After 10+2 (12th),B.Tech - all branches / B Tech [ 2+2 with international credit transfer option] (except CSE/ IT)
P13C,After 10+2 (12th),B.Tech - all branches / B Tech [ 2+2 with international credit transfer option] (except CSE/ IT)
P124,After 10+2 (12th),BCA
P124-NN9,After 10+2 (12th),BCA (Cyber Security)
P124-NN8,After 10+2 (12th),BCA (Data Science) in tieup with IBM
P124-NN7,After 10+2 (12th),BCA (Artificial Intelligence and Machine Learning)
P124-NNA,After 10+2 (12th),BCA (Artificial Intelligence and Data Analytics)
P124-NNC,After 10+2 (12th),BCA (AI and Robotics)
P22A-NN9,After 10+2 (12th),B.Sc. (Computer Science - Cyber Security)
P123,After 10+2 (12th),B.Sc. (IT)/ B Sc (IT) [2+2 with international credit transfer option]
P123-Y,After 10+2 (12th),B.Sc. (IT)/ B Sc (IT) [2+2 with international credit transfer option]
P24B-H,After 10+2 (12th),B.Sc. (Hons.) Agriculture
P244-HN3,After 10+2 (12th),B.Sc. (Hons.)/(Hons with Research) Food Technology
P224,After 10+2 (12th),B.Sc. (Food Technology)
P245-HN1,After 10+2 (12th),Bachelor of Nutrition and Dietetics (Honours)
P240-HN3,After 10+2 (12th),B.Sc. (Hons.)/(Hons with Research) Biotechnology
P220,After 10+2 (12th),B.Sc. (Biotechnology)
P243-HN3,After 10+2 (12th),B.Sc. (Hons.)/(Hons with Research) Microbiology
P223,After 10+2 (12th),B.Sc. (Microbiology)
P24G-H,After 10+2 (12th),B.Sc. (Hons.)/(Hons with Research) Forensic Sciences
P22G,After 10+2 (12th),B.Sc. (Forensic Science)
P24A-HNB,After 10+2 (12th),B.Sc. (Hons.)/(Hons with Research) Zoology
P22A-NN5,After 10+2 (12th),B.Sc. (Zoology)
P24A-HNC,After 10+2 (12th),B.Sc. (Hons.)/(Hons with Research) Physics
P22A-NN7,After 10+2 (12th),B.Sc. (Physics)
P24A-HND,After 10+2 (12th),B.Sc. (Hons.)/(Hons with Research) Chemistry
P22A-NN6,After 10+2 (12th),B.Sc. (Chemistry)
P24A-HNE,After 10+2 (12th),B.Sc. (Hons.)/(Hons with Research) Mathematics
P22A-NN8,After 10+2 (12th),B.Sc. (Mathematics)
P321,After 10+2 (12th),BBA/ BBA [ 2+2 with international credit transfer option]
P321-Y,After 10+2 (12th),BBA/ BBA [ 2+2 with international credit transfer option]
P340-HNAE,After 10+2 (12th),BBA (Hons.)/ (Hons. with Research)
P340-HNAH,After 10+2 (12th),BBA (Hons.) (Technology and Management) with Global Immersion
P390-NE,After 10+2 (12th),Integrated BBA-MBA
P320-NN6,After 10+2 (12th),BBA (Financial Markets)
P320-NNG,After 10+2 (12th),BBA (International Finance)
P320-NNB,After 10+2 (12th),BBA (Business Analytics)
P320-NNV,After 10+2 (12th),BBA (International Accounting)
P320-NNX,After 10+2 (12th),BBA (Corporate Finance)
P320-NNY,After 10+2 (12th),BBA (Digital Marketing and Artificial Intelligence)
P320-NNZ,After 10+2 (12th),BBA (Fintech and Artificial Intelligence)
P320-NNAA,After 10+2 (12th),BBA (Artificial Intelligence and Machine Learning)
P320-NNT,After 10+2 (12th),"BBA (Cargo, Logistics, and Supply Chain Management)"
P322,After 10+2 (12th),B.Com./ B.Com [2+2 with international credit transfer option]
P322-Y,After 10+2 (12th),B.Com./ B.Com [2+2 with international credit transfer option]
P342-HN9,After 10+2 (12th),B.Com. (Hons.)/ (Hons. with Research)
P322-NN2,After 10+2 (12th),B.Com. (Management Accounting and International Finance )
P322-NN6,After 10+2 (12th),B.Com. (International Accounting)
P322-NN7,After 10+2 (12th),B.Com. (Corporate Finance)
P322-NNA,After 10+2 (12th),B.Com. (Fintech and Artificial Intelligence)
P323-NN1,After 10+2 (12th),B.Sc. (Economics)
P343-HN2,After 10+2 (12th),B.Sc. (Hons.)/(Hons with Research) Economics
P490-HH,After 10+2 (12th),B.A. LL.B.(Hons.)
P391-HH,After 10+2 (12th),BBA LL.B. (Hons.)
P325,After 10+2 (12th),"B.Sc. (Airlines, Tourism and Hospitality)"
P320-NNAG,After 10+2 (12th),"BBA (Tourism, Hospitality and Event Management)"
P320-NNM,After 10+2 (12th),BBA (Airlines and Airport Management)
P324-NN8,After 10+2 (12th),B.Sc (Hotel and Hospitality Management)
P344,After 10+2 (12th),Bachelor of Hotel Mgt. and Catering Technology (BHMCT)/ Bachelor of Hotel Mgt and Catering Technology (BHMCT) / [ 2+2 with international credit transfer option]
P344-Y,After 10+2 (12th),Bachelor of Hotel Mgt. and Catering Technology (BHMCT)/ Bachelor of Hotel Mgt and Catering Technology (BHMCT) / [ 2+2 with international credit transfer option]
P324-NN6,After 10+2 (12th),B.Sc. (Culinary Arts)
P741,After 10+2 (12th),B.Arch.
P793-ND2,After 10+2 (12th),Integrated B.Tech - M.Tech (Urban and Regional Planning)
P722-NNJ,After 10+2 (12th),B.Sc. (Interior and Furniture Design)
P742-NN1,After 10+2 (12th),B.Design (Interior and Furniture)
P742-NN2,After 10+2 (12th),B.Design (Product and Industrial )
P742-NNM,After 10+2 (12th),B.Design (UI/UX)
P722-NNF,After 10+2 (12th),B.Sc. (Fashion Design)
P742-NN3,After 10+2 (12th),B.Design (Fashion )/ B Design (Fashion) [ 2+2 with international credit transfer option]
P742-YN3,After 10+2 (12th),B.Design (Fashion )/ B Design (Fashion) [ 2+2 with international credit transfer option]
P722-NNL,After 10+2 (12th),B.Sc. (Animation and VFX Design)
P742-NNL,After 10+2 (12th),B.Design (Animation and VFX)
P722-NNG,After 10+2 (12th),B.Sc. (Gaming Design)
P742-NN8,After 10+2 (12th),B.Design (Gaming)
P722-NNH,After 10+2 (12th),B.Sc. (Graphics Design)
P742-NN5,After 10+2 (12th),B.Design (Graphics)
P421,After 10+2 (12th),B.A. (Fine Arts)
P441,After 10+2 (12th),Bachelor of Fine Arts (BFA)
P724,After 10+2 (12th),B.A. (Journalism and Mass Communication)
P727,After 10+2 (12th),B.Sc. (Film and TV Production )
P742-NN6,After 10+2 (12th),B.Design (Film and TV Production )
P41B,After 10+2 (12th),Diploma in Library and Information Sciences
P422-NN5,After 10+2 (12th),B.A. (Music Vocal/ Theatre)
P422-NN7,After 10+2 (12th),B.A. (Music Vocal/ Theatre)
P442-NN5,After 10+2 (12th),BPA (Music Vocal/ Theatre)
P442-NN7,After 10+2 (12th),BPA (Music Vocal/ Theatre)
P44G-HN2,After 10+2 (12th),Bachelor in Clinical Psychology (B.Clin. Psy)
P44A-NN3,After 10+2 (12th),Bachelor of Psychology (B.Psy)
P420,After 10+2 (12th),Bachelor of Arts (B.A.)
P440-HN4,After 10+2 (12th),B.A. (Hons.)/ (Hons. with Research)
P420-NN7,After 10+2 (12th),B.A. (Social Science)
P42K,After 10+2 (12th),Bachelor of Social Work (BSW)
P44K-H,After 10+2 (12th),Bachelor of Social Work (Hons.)/ (Hons with Research)
P42I,After 10+2 (12th),B.Sc. (Public Policy)
P622,After 10+2 (12th),B.Sc. (Health and Physical Education) (3 Years)
P625,After 10+2 (12th),Bachelor of Physical Education and Sports (BPES)
P49M-NK2,After 10+2 (12th),B.A. B.Ed. Spl. Ed. (Multiple Disability – Preparatory Stage) - (ISITEP)
P490-NK5,After 10+2 (12th),B.A. B.Ed. (Secondary Stage) - Four Year Integrated Teacher Education Programme (ITEP)
P29A-NKF,After 10+2 (12th),B.Sc. B.Ed. (Secondary Stage) - Four Year Integrated Teacher Education Programme (ITEP)
P540-NNN-D,After 10+2 (12th),B.Pharm.
P5K0-NNKA,After 10+2 (12th),Pharm. D (Doctor of Pharmacy)
P542-NNCA,After 10+2 (12th),Bachelor of Physiotherapy (B.PT)
P541-NNJ,After 10+2 (12th),Bachelor of Medical Laboratory Science
P541-NNK,After 10+2 (12th),Bachelor of Anaesthesia and Operation Theatre Technology
P541-NND,After 10+2 (12th),Bachelor of Optometry
P541-NNH,After 10+2 (12th),Bachelor of Cardiovascular Technology
P541-NNE,After 10+2 (12th),Bachelor of Medical Radiology and Imaging Technology
P548,After 10+2 (12th),B.Sc. (Clinical Embryology)
P105-L,Lateral Entry/Other Programmes(After ITI etc),Diploma (Engg.) [Lateral Entry]
P102-L,Lateral Entry/Other Programmes(After ITI etc),Diploma (Engg.) [Lateral Entry]
P102-LNP,Lateral Entry/Other Programmes(After ITI etc),Diploma (Engg.) [Lateral Entry]
P108-L,Lateral Entry/Other Programmes(After ITI etc),Diploma (Engg.) [Lateral Entry]
P107-L,Lateral Entry/Other Programmes(After ITI etc),Diploma (Engg.) [Lateral Entry]
P135-L,Lateral Entry/Other Programmes(After 3 yrs. Diploma),B.Tech. [Lateral Entry]
P132-L,Lateral Entry/Other Programmes(After 3 yrs. Diploma),B.Tech. [Lateral Entry] (CSE/ IT)
P132-LNP,Lateral Entry/Other Programmes(After 3 yrs. Diploma),B.Tech. B.Tech. (CSE - AI and ML) [Lateral Entry]
P133-L,Lateral Entry/Other Programmes(After 3 yrs. Diploma),B.Tech. [Lateral Entry] (CSE/ IT)
P138-L,Lateral Entry/Other Programmes(After 3 yrs. Diploma),B.Tech. [Lateral Entry]
P138-LN1,Lateral Entry/Other Programmes(After 3 yrs. Diploma),B.Tech. [Lateral Entry]
P137-L,Lateral Entry/Other Programmes(After 3 yrs. Diploma),B.Tech. [Lateral Entry]
P137-LN1,Lateral Entry/Other Programmes(After 3 yrs. Diploma),B.Tech. [Lateral Entry] (Construction Technology)
P136-L,Lateral Entry/Other Programmes(After 3 yrs. Diploma),B.Tech. [Lateral Entry]
P13A-L,Lateral Entry/Other Programmes(After 3 yrs. Diploma),B.Tech. [Lateral Entry]
P13AF-L,Lateral Entry/Other Programmes(After 3 yrs. Diploma),B.Tech. [Lateral Entry] (Robotics and Automation)
P131-L,Lateral Entry/Other Programmes(After 3 yrs. Diploma),B.Tech. [Lateral Entry]
P13Q-L,Lateral Entry/Other Programmes(After 3 yrs. Diploma),B.Tech. [Lateral Entry]
P139-L,Lateral Entry/Other Programmes(After 3 yrs. Diploma),B.Tech. [Lateral Entry]
P13E-L,Lateral Entry/Other Programmes(After 3 yrs. Diploma),B.Tech. [Lateral Entry]
P13C-L,Lateral Entry/Other Programmes(After 3 yrs. Diploma),B.Tech. [Lateral Entry]
P13O-L,Lateral Entry/Other Programmes(After 3 yrs. Diploma),B.Tech. [Lateral Entry]
P124-L,Lateral Entry/Other Programmes(After 3 yrs. Diploma),BCA [Lateral Entry]
P123-L,Lateral Entry/Other Programmes(After 3 yrs. Diploma),B.Sc. (IT) [Lateral Entry]
P321-L,Lateral Entry/Other Programmes(After 3 yrs. Diploma),BBA [Lateral Entry]
P322-L,Lateral Entry/Other Programmes(After 3 yrs. Diploma),B.Com. [Lateral Entry]
P324-LN8,Lateral Entry/Other Programmes(After 3 yrs. Diploma),B.Sc (Hotel and Hospitality Management) [Lateral Entry]
P344-L,Lateral Entry/Other Programmes(After 3 yrs. Diploma),Bachelor of Hotel Mgt and Catering Technology (BHMCT) [Lateral Entry]
P325-L,Lateral Entry/Other Programmes(After 3 yrs. Diploma),"B.Sc. (Airlines, Tourism and Hospitality) [Lateral Entry]"
P722-LNJ,Lateral Entry/Other Programmes(After 3 yrs. Diploma),B.Sc. (Interior and Furniture Design) [Lateral Entry]
P742-LN1,Lateral Entry/Other Programmes(After 3 yrs. Diploma),B.Design (Interior and Furniture) [Lateral Entry]
P742-LN2,Lateral Entry/Other Programmes(After 3 yrs. Diploma),B.Design (Product and Industrial) [Lateral Entry]
P742-LNM,Lateral Entry/Other Programmes(After 3 yrs. Diploma),B.Design (UI/UX) [Lateral Entry]
P722-LNF,Lateral Entry/Other Programmes(After 3 yrs. Diploma),B.Sc. (Fashion Design) [Lateral Entry]
P742-LN3,Lateral Entry/Other Programmes(After 3 yrs. Diploma),B.Design (Fashion) [Lateral Entry]
P540-LNN-D,Lateral Entry/Other Programmes(After 3 yrs. Diploma),B.Pharm. [Lateral Entry]
P542-L,Lateral Entry/Other Programmes(After 3 yrs. Diploma),BPT [Lateral Entry]
P521-L,Lateral Entry/Other Programmes(After 3 yrs. Diploma),B.Sc. (Medical Lab Technology) [Lateral Entry]
P521-LN5,Lateral Entry/Other Programmes(After 3 yrs. Diploma),B.Sc. (Optometry) [Lateral Entry]
P521-LN6,Lateral Entry/Other Programmes(After 3 yrs. Diploma),B.Sc. (Anaesthesia and Operation Theatre Technology) [Lateral Entry]
P521-LNC,Lateral Entry/Other Programmes(After 3 yrs. Diploma),B.Sc. (Medical Radiology and Imaging Technology) [Lateral Entry]
P521-LN7,Lateral Entry/Other Programmes(After 3 yrs. Diploma),B.Sc. (Cardiovascular Technology) [Lateral Entry]
P371-NNAF,After Graduation,MBA/ MBA [ 1+1 with international credit transfer option]
P371-YNAF,After Graduation,MBA/ MBA [ 1+1 with international credit transfer option]
P370-NN2F,After Graduation,MBA (International Business)
P370-NN3F,After Graduation,MBA (Hospital and Healthcare Management)
P370-NNAF,After Graduation,MBA (Digital and Social Media Marketing)
P370-NNBF,After Graduation,MBA (Business Analytics)
P370-NN7F,After Graduation,MBA (Supply Chain and Logistics)
P370-NN6F,After Graduation,MBA (Financial Markets)
P370-NNAB,After Graduation,MBA (Data Science and Artificial Intelligence)
P370-NNZ,After Graduation,MBA (Fintech and Artificial Intelligence)
P362,After Graduation,M.Com.
P363,After Graduation,M.Sc. (Economics)
P363-NN-1,After Graduation,M.A. (Economics)
P4AE,After Graduation,LL.B.
P4BE-NN1,After Graduation,LL.B.
P375-NN3,After Graduation,"MBA (Tourism, Aviation and Hospitality)"
P762-NNJ,After Graduation,M.Sc. (Interior and Furniture Design)
P772-NN1,After Graduation,M.Design (Interior and Furniture)
P762-NNM,After Graduation,M.Sc. (UI/UX Design)
P762-NNF,After Graduation,M.Sc. (Fashion Design)
P762-NNP,After Graduation,Master of Fashion Management (MFM)
P762-NNL,After Graduation,M.Sc. (Animation and VFX Design)
P471,After Graduation,Master of Fine Arts (MFA)
P764,After Graduation,M.A. (Journalism and Mass Communication)
P767,After Graduation,M.Sc. (Film and TV Production)
P472,After Graduation,Master of Performing Arts (MPA)
P466,After Graduation,M.A. (History)
P46A,After Graduation,M.A. (Psychology)
P46C,After Graduation,M.A. (Applied Psychology)
P46G-NN2A,After Graduation,Master in Clinical Psychology (M.Clin. Psy)
P46A-NN5,After Graduation,M.A. (Counselling Psychology)
P46A-NN2,After Graduation,M.Sc. (Forensic Psychology)
P467,After Graduation,M.A. (Sociology)
P46K,After Graduation,Master of Social Work (MSW)
P468,After Graduation,M.A. (Political Science)
P46I-NN1,After Graduation,M.Sc. (Public Policy)
P469-NN1,After Graduation,M.Sc. (Geography)
P463,After Graduation,M.A. (English)
P4AB,After Graduation,Bachelors of Library and Information Science
P4BB,After Graduation,Bachelors of Library and Information Science
P465,After Graduation,M.A. (Punjabi/Hindi)
P464,After Graduation,M.A. (Punjabi/Hindi)
P6A1,After Graduation,B.Ed.
P661,After Graduation,M.A. (Education)
P6A2,After Graduation,M.P.Ed.
P6B2,After Graduation,M.P.Ed.
P172,After Graduation,M.Tech. (Computer Science and Engg.)
P172-YNQ,After Graduation,M.Tech. (Computer Science and Engineering) (by Research) [1+1 with international credit transfer option]
P17X,After Graduation,M.Tech. (Machine Learning and Artificial Intelligence)
P17AC,After Graduation,M.Tech. (Data Science and Analytics)
P17AD,After Graduation,M.Tech. (Information Security and Cyber Forensics)
P17E,After Graduation,M.Tech. (Aerospace Engineering)
P17N,After Graduation,M.Tech. (Structural Engg.)
P17R,After Graduation,M.Tech. (Construction Management)
P17F,After Graduation,M.Tech. (VLSI Design)
P175-NNA,After Graduation,M.Tech (Robotics and Artificial Intelligence)
P17J,After Graduation,M.Tech. (Power Systems)
P17Q,After Graduation,M.Tech. (Food Technology)
P171,After Graduation,M.Tech. (Biotechnology) / M Tech (Biotechnology) [ 1+1 with international credit transfer option]
P171-Y,After Graduation,M.Tech. (Biotechnology) / M Tech (Biotechnology) [ 1+1 with international credit transfer option]
P164-NN1,After Graduation,MCA
P164-HN8,After Graduation,MCA (Hons.) (Data Science)
P164-HN7,After Graduation,MCA (Hons.) (Artificial Intelligence and Machine Learning)
P164-HN9,After Graduation,MCA (Hons.) (Cyber Security)
P163,After Graduation,M.Sc. (Information Technology)
P16AJ,After Graduation,M.Sc (Data Science)
P26B-NN1,After Graduation,M.Sc. (Agri.) Agronomy
P26B-NN2,After Graduation,M.Sc. (Agri.) Soil Science
P26B-NN3,After Graduation,M.Sc. (Agri.) Genetics and Plant Breeding
P26B-NN5,After Graduation,M.Sc. (Agri.) Entomology
P26B-NN6,After Graduation,M.Sc. (Agri.) Plant Pathology
P26E,After Graduation,M.Sc. (Hort.) Vegetable Science
P26C,After Graduation,M.Sc. (Hort.) Fruit Science
P26F-NN1,After Graduation,M.Sc. (Hort.) Floriculture and Landscaping
P264,After Graduation,M.Sc. (Food Science and Technology)
P265-NN1,After Graduation,Masters of Nutrition and Dietetics
P260-H,After Graduation,M.Sc. (Hons.) Biotechnology
P263-H,After Graduation,M.Sc. (Hons.) Microbiology
P26G,After Graduation,M.Sc. (Forensic Science)
P26G-NN1,After Graduation,M.Sc. (Digital Forensics and Cyber Security)
P262-H,After Graduation,M.Sc. (Hons.) Zoology/ / M.Sc. (Zoology)
P2L2,After Graduation,M.Sc. (Hons.) Zoology/ / M.Sc. (Zoology)
P268-H,After Graduation,M.Sc. (Hons.) Physics
P266-H,After Graduation,M.Sc.(Hons.) Chemistry
P269,After Graduation,M.Sc. (Mathematics)
P269-NN-1,After Graduation,M.A. (Mathematics)
P26J,After Graduation,M.Sc. (Statistics and Data Analytics)
P570-NN1-D,After Graduation,M.Pharm. (Pharmaceutics)
P570-NN2-D,After Graduation,M.Pharm. (Pharmacology)
P570-NNB-D,After Graduation,M.Pharm. (Pharmaceutical Analysis)
P570-NN3-D,After Graduation,M.Pharm. (Pharmaceutical Chemistry)
P570-NND-D,After Graduation,M.Pharm. (Pharmacy Practice)
P580-NNLA,After Graduation,Pharm.D (PB)
P572-NNDA,After Graduation,M.PT
P572-NNEA,After Graduation,M.PT
P572-NNFA,After Graduation,M.PT
P561-NNM,After Graduation,Master of Medical Laboratory Science (Medical Microbiology)
P568,After Graduation,M.Sc. (Clinical Embryology)
