eligibility_base,row_label,base_fee,phase1_A,phase1_B,phase1_C,phase1_D,phase2_A,phase2_B,phase2_C,phase2_D,phase3_A,phase3_B,phase3_C,phase3_D,phase4_A,phase4_B,phase4_C,phase4_D,phase5_A,phase5_B,phase5_C,phase5_D
After 10th,Diploma (Engg.) - all branches,30000.0,30000.0,,,,30000.0,,,,30000.0,,,,30000.0,,,,30000.0,,,
After 10th,Diploma in Business Administration,50000.0,20000.0,25000.0,30000.0,35000.0,20000.0,25000.0,30000.0,35000.0,22499.999999999996,27500.000000000004,32500.0,37500.0,25000.0,30000.0,35000.0,40000.0,27500.0,32500.0,37500.0,42500.0
After 10th,Dip.in Architectural Assistantship,30000.0,30000.0,,,,30000.0,,,,30000.0,,,,30000.0,,,,30000.0,,,
After 10th,DMLT,50000.0,20000.0,25000.0,30000.0,35000.0,20000.0,25000.0,30000.0,35000.0,22499.999999999996,27500.000000000004,32500.0,37500.0,25000.0,30000.0,35000.0,40000.0,27500.0,32500.0,37500.0,42500.0
After 10+2,"B.Tech - all branches / B Tech  [ 2+2 with international credit transfer option] (except CSE/ IT)
Note:- For Int . Credit Transfer Option INR 50,000 as International Transfer Fee additionally to be paid with 1st Semster Fee.",140000.0,56000.0,70000.0,84000.0,98000.0,56000.0,77000.0,91000.0,105000.0,63000.0,84000.0,98000.0,112000.0,70000.0,91000.0,105000.0,119000.0,77000.0,98000.0,112000.0,126000.0
After 10+2,"B.Tech -  (CSE/ IT), B Tech (CSE) [ 2+2 with international credit transfer option]
Note:- For Int . Credit Transfer Option INR 50,000 as International Transfer Fee additionally to be paid with 1st Semster Fee.",160000.0,64000.0,80000.0,96000.0,112000.0,64000.0,88000.0,104000.0,120000.0,72000.0,96000.0,112000.0,128000.0,80000.0,104000.0,120000.0,136000.0,88000.0,112000.0,128000.0,144000.0
After 10+2,Integrated B.Tech. Computer Science and Engineering - MBA,160000.0,64000.0,80000.0,96000.0,112000.0,64000.0,88000.0,104000.0,120000.0,72000.0,96000.0,112000.0,128000.0,80000.0,104000.0,120000.0,136000.0,88000.0,112000.0,128000.0,144000.0
After 10+2,B.Tech. (Robotics and Automation),180000.0,72000.0,90000.0,108000.0,125999.99999999999,72000.0,99000.0,117000.0,135000.0,81000.0,108000.0,126000.0,144000.0,90000.0,117000.0,135000.0,153000.0,99000.0,126000.0,144000.0,162000.0
After 10+2,B.Tech. CSE-  Data Science with ML/ B.Tech . (CSE- Cloud Computing and Gen AI)/ B.Tech. (CSE - Artificial Intelligence and Data Science)/  B.Tech. (ECE - Semiconductor and VLSI Design)/ B.Tech (ECE - Artificial Intelligence and Automation)/ B.Tech (Civil - AI and ML),180000.0,72000.0,90000.0,108000.0,125999.99999999999,72000.0,99000.0,117000.0,135000.0,81000.0,108000.0,126000.0,144000.0,90000.0,117000.0,135000.0,153000.0,99000.0,126000.0,144000.0,162000.0
After 10+2,B.Tech. (CSE - Computer Science and Business Systems),180000.0,72000.0,90000.0,108000.0,125999.99999999999,72000.0,99000.0,117000.0,135000.0,81000.0,108000.0,126000.0,144000.0,90000.0,117000.0,135000.0,153000.0,99000.0,126000.0,144000.0,162000.0
After 10+2,B.Tech. (ME - Artificial Intelligence and Machine Learning),180000.0,72000.0,90000.0,108000.0,125999.99999999999,72000.0,99000.0,117000.0,135000.0,81000.0,108000.0,126000.0,144000.0,90000.0,117000.0,135000.0,153000.0,99000.0,126000.0,144000.0,162000.0
After 10+2,"B.Tech. (CSE - Artificial Intelligence and Machine Learning)
B.Tech. (CSE - Robotics and Artificial Intelligence)",200000.0,80000.0,100000.0,120000.0,140000.0,80000.0,110000.0,130000.0,150000.0,90000.0,120000.0,140000.0,160000.0,100000.0,130000.0,150000.0,170000.0,110000.0,140000.0,160000.0,180000.0
After 10+2,B.Tech. (CSE- Generative AI) [Gen AI],200000.0,130000.0,140000.0,150000.0,160000.0,130000.0,140000.0,150000.0,160000.0,130000.0,140000.0,150000.0,160000.0,130000.0,140000.0,150000.0,160000.0,130000.0,140000.0,150000.0,160000.0
After 10+2,B.Tech (CSE - AI and Data Analytics),180000.0,72000.0,90000.0,108000.0,125999.99999999999,72000.0,99000.0,117000.0,135000.0,81000.0,108000.0,126000.0,144000.0,90000.0,117000.0,135000.0,153000.0,99000.0,126000.0,144000.0,162000.0
After 10+2,B.Tech. (CSE - AI and Data Engineering),200000.0,150000.0,160000.0,170000.0,180000.0,150000.0,160000.0,170000.0,180000.0,150000.0,160000.0,170000.0,180000.0,150000.0,160000.0,170000.0,180000.0,150000.0,160000.0,170000.0,180000.0
After 10+2,B.Tech. (CSE - Software Product Engineering),200000.0,150000.0,160000.0,170000.0,180000.0,150000.0,160000.0,170000.0,180000.0,150000.0,160000.0,170000.0,180000.0,150000.0,160000.0,170000.0,180000.0,150000.0,160000.0,170000.0,180000.0
After 10+2,B.Tech (Genetics and Artificial Intelligence),200000.0,150000.0,160000.0,170000.0,180000.0,150000.0,160000.0,170000.0,180000.0,150000.0,160000.0,170000.0,180000.0,150000.0,160000.0,170000.0,180000.0,150000.0,160000.0,170000.0,180000.0
After 10+2,B.Tech (CSE - AI and System Design) with Global Tech Immersion,450000.0,292500.0,315000.0,337500.0,360000.0,292500.0,315000.0,337500.0,360000.0,292500.0,315000.0,337500.0,360000.0,292500.0,315000.0,337500.0,360000.0,292500.0,315000.0,337500.0,360000.0
After 10+2,"B.Tech (Hons.) (CSE- - Data Science and Data Engineering)
B.Tech (Hons.) (CSE- Cyber Security and Block Chain)",200000.0,130000.0,140000.0,150000.0,160000.0,130000.0,140000.0,150000.0,160000.0,130000.0,140000.0,150000.0,160000.0,130000.0,140000.0,150000.0,160000.0,130000.0,140000.0,150000.0,160000.0
After 10+2,BCA,80000.0,32000.0,40000.0,48000.0,56000.0,32000.0,44000.0,52000.0,60000.0,36000.0,48000.0,56000.0,64000.0,40000.0,52000.0,60000.0,68000.0,44000.0,56000.0,64000.0,72000.0
After 10+2,BCA (Data Science) in tieup with IBM,120000.0,78000.0,84000.0,90000.0,96000.0,78000.0,84000.0,90000.0,96000.0,78000.0,84000.0,90000.0,96000.0,78000.0,84000.0,90000.0,96000.0,78000.0,84000.0,90000.0,96000.0
After 10+2,BCA (Artificial Intelligence and Machine Learning),120000.0,78000.0,84000.0,90000.0,96000.0,78000.0,84000.0,90000.0,96000.0,78000.0,84000.0,90000.0,96000.0,78000.0,84000.0,90000.0,96000.0,78000.0,84000.0,90000.0,96000.0
After 10+2,BCA (Artificial Intelligence and Data Analytics),100000.0,40000.0,50000.0,60000.0,70000.0,40000.0,55000.0,65000.0,75000.0,45000.0,60000.0,70000.0,80000.0,50000.0,65000.0,75000.0,85000.0,55000.0,70000.0,80000.0,90000.0
After 10+2,BCA (AI and Robotics),100000.0,40000.0,50000.0,60000.0,70000.0,40000.0,55000.0,65000.0,75000.0,45000.0,60000.0,70000.0,80000.0,50000.0,65000.0,75000.0,85000.0,55000.0,70000.0,80000.0,90000.0
After 10+2,BCA (Cyber Security),120000.0,78000.0,84000.0,90000.0,96000.0,78000.0,84000.0,90000.0,96000.0,78000.0,84000.0,90000.0,96000.0,78000.0,84000.0,90000.0,96000.0,78000.0,84000.0,90000.0,96000.0
After 10+2,B.Sc. (Computer Science - Cyber Security),120000.0,78000.0,84000.0,90000.0,96000.0,78000.0,84000.0,90000.0,96000.0,78000.0,84000.0,90000.0,96000.0,78000.0,84000.0,90000.0,96000.0,78000.0,84000.0,90000.0,96000.0
After 10+2,"B.Sc.  (IT)/ B Sc (IT)  [2+2 with international credit transfer option]
Note:- For Int . Credit Transfer Option INR 50,000 as International Transfer Fee additionally to be paid with 1st Semster Fee.",80000.0,32000.0,40000.0,48000.0,56000.0,32000.0,44000.0,52000.0,60000.0,36000.0,48000.0,56000.0,64000.0,40000.0,52000.0,60000.0,68000.0,44000.0,56000.0,64000.0,72000.0
After 10+2,B.Sc. (Hons.) Agriculture,120000.0,48000.0,60000.0,72000.0,84000.0,48000.0,60000.0,72000.0,84000.0,53999.99999999999,66000.0,78000.0,90000.0,60000.0,72000.0,84000.0,96000.0,66000.0,78000.0,90000.0,102000.0
After 10+2,B.Sc. (Hons.)/(Hons with Research) Forensic Sciences,80000.0,32000.0,40000.0,48000.0,56000.0,32000.0,40000.0,48000.0,56000.0,36000.0,44000.0,52000.0,60000.0,40000.0,48000.0,56000.0,64000.0,44000.0,52000.0,60000.0,68000.0
After 10+2,B.Sc. (Forensic Science),80000.0,32000.0,40000.0,48000.0,56000.0,32000.0,40000.0,48000.0,56000.0,36000.0,44000.0,52000.0,60000.0,40000.0,48000.0,56000.0,64000.0,44000.0,52000.0,60000.0,68000.0
After 10+2,B.Sc. (Hons.)/(Hons with Research) Food Technology,80000.0,32000.0,40000.0,48000.0,56000.0,32000.0,40000.0,48000.0,56000.0,36000.0,44000.0,52000.0,60000.0,40000.0,48000.0,56000.0,64000.0,44000.0,52000.0,60000.0,68000.0
After 10+2,B.Sc. (Food Technology),80000.0,32000.0,40000.0,48000.0,56000.0,32000.0,40000.0,48000.0,56000.0,36000.0,44000.0,52000.0,60000.0,40000.0,48000.0,56000.0,64000.0,44000.0,52000.0,60000.0,68000.0
After 10+2,Bachelor of Nutrition and Dietetics (Honours),80000.0,32000.0,40000.0,48000.0,56000.0,32000.0,40000.0,48000.0,56000.0,36000.0,44000.0,52000.0,60000.0,40000.0,48000.0,56000.0,64000.0,44000.0,52000.0,60000.0,68000.0
After 10+2,B.Sc. (Hons.)/(Hons with Research) Biotechnology,80000.0,32000.0,40000.0,48000.0,56000.0,32000.0,40000.0,48000.0,56000.0,36000.0,44000.0,52000.0,60000.0,40000.0,48000.0,56000.0,64000.0,44000.0,52000.0,60000.0,68000.0
After 10+2,B.Sc. (Biotechnology),80000.0,32000.0,40000.0,48000.0,56000.0,32000.0,40000.0,48000.0,56000.0,36000.0,44000.0,52000.0,60000.0,40000.0,48000.0,56000.0,64000.0,44000.0,52000.0,60000.0,68000.0
After 10+2,B.Sc. (Hons.)/(Hons with Research) Microbiology,80000.0,32000.0,40000.0,48000.0,56000.0,32000.0,40000.0,48000.0,56000.0,36000.0,44000.0,52000.0,60000.0,40000.0,48000.0,56000.0,64000.0,44000.0,52000.0,60000.0,68000.0
After 10+2,B.Sc. (Microbiology),80000.0,32000.0,40000.0,48000.0,56000.0,32000.0,40000.0,48000.0,56000.0,36000.0,44000.0,52000.0,60000.0,40000.0,48000.0,56000.0,64000.0,44000.0,52000.0,60000.0,68000.0
After 10+2,B.Sc. (Hons.)/(Hons with Research) Zoology,50000.0,20000.0,25000.0,30000.0,35000.0,20000.0,25000.0,30000.0,35000.0,22499.999999999996,27500.000000000004,32500.0,37500.0,25000.0,30000.0,35000.0,40000.0,27500.0,32500.0,37500.0,42500.0
After 10+2,B.Sc. (Zoology),50000.0,20000.0,25000.0,30000.0,35000.0,20000.0,25000.0,30000.0,35000.0,22499.999999999996,27500.000000000004,32500.0,37500.0,25000.0,30000.0,35000.0,40000.0,27500.0,32500.0,37500.0,42500.0
After 10+2,B.Sc. (Hons.)/(Hons with Research) Physics,50000.0,20000.0,25000.0,30000.0,35000.0,20000.0,25000.0,30000.0,35000.0,22499.999999999996,27500.000000000004,32500.0,37500.0,25000.0,30000.0,35000.0,40000.0,27500.0,32500.0,37500.0,42500.0
After 10+2,B.Sc. (Physics),50000.0,20000.0,25000.0,30000.0,35000.0,20000.0,25000.0,30000.0,35000.0,22499.999999999996,27500.000000000004,32500.0,37500.0,25000.0,30000.0,35000.0,40000.0,27500.0,32500.0,37500.0,42500.0
After 10+2,B.Sc. (Hons.)/(Hons with Research) Chemistry,50000.0,20000.0,25000.0,30000.0,35000.0,20000.0,25000.0,30000.0,35000.0,22499.999999999996,27500.000000000004,32500.0,37500.0,25000.0,30000.0,35000.0,40000.0,27500.0,32500.0,37500.0,42500.0
After 10+2,B.Sc. (Chemistry),50000.0,20000.0,25000.0,30000.0,35000.0,20000.0,25000.0,30000.0,35000.0,22499.999999999996,27500.000000000004,32500.0,37500.0,25000.0,30000.0,35000.0,40000.0,27500.0,32500.0,37500.0,42500.0
After 10+2,B.Sc. (Hons.)/(Hons with Research) Mathematics,50000.0,20000.0,25000.0,30000.0,35000.0,20000.0,25000.0,30000.0,35000.0,22499.999999999996,27500.000000000004,32500.0,37500.0,25000.0,30000.0,35000.0,40000.0,27500.0,32500.0,37500.0,42500.0
After 10+2,B.Sc. (Mathematics),50000.0,20000.0,25000.0,30000.0,35000.0,20000.0,25000.0,30000.0,35000.0,22499.999999999996,27500.000000000004,32500.0,37500.0,25000.0,30000.0,35000.0,40000.0,27500.0,32500.0,37500.0,42500.0
After 10+2,"BBA/ BBA  [ 2+2 with international credit transfer option]
Note:- For Int . Credit Transfer Option INR 50,000 as International Transfer Fee additionally to be paid with 1st Semster Fee.",80000.0,32000.0,40000.0,48000.0,56000.0,32000.0,44000.0,52000.0,60000.0,36000.0,48000.0,56000.0,64000.0,40000.0,52000.0,60000.0,68000.0,44000.0,56000.0,64000.0,72000.0
After 10+2,Integrated BBA-MBA,100000.0,40000.0,50000.0,60000.0,70000.0,40000.0,55000.0,65000.0,75000.0,45000.0,60000.0,70000.0,80000.0,50000.0,65000.0,75000.0,85000.0,55000.0,70000.0,80000.0,90000.0
After 10+2,BBA (Hons.) (Technology and Management) with Global Immersion,350000.0,227500.0,245000.0,262500.0,280000.0,227500.0,245000.0,262500.0,280000.0,227500.0,245000.0,262500.0,280000.0,227500.0,245000.0,262500.0,280000.0,227500.0,245000.0,262500.0,280000.0
After 10+2,BBA (Hons.)/ (Hons. with Research),80000.0,32000.0,40000.0,48000.0,56000.0,32000.0,44000.0,52000.0,60000.0,36000.0,48000.0,56000.0,64000.0,40000.0,52000.0,60000.0,68000.0,44000.0,56000.0,64000.0,72000.0
After 10+2,BBA (Financial Markets),100000.0,40000.0,50000.0,60000.0,70000.0,40000.0,55000.0,65000.0,75000.0,45000.0,60000.0,70000.0,80000.0,50000.0,65000.0,75000.0,85000.0,55000.0,70000.0,80000.0,90000.0
After 10+2,BBA (International Finance),100000.0,40000.0,50000.0,60000.0,70000.0,40000.0,55000.0,65000.0,75000.0,45000.0,60000.0,70000.0,80000.0,50000.0,65000.0,75000.0,85000.0,55000.0,70000.0,80000.0,90000.0
After 10+2,BBA (Business Analytics),100000.0,40000.0,50000.0,60000.0,70000.0,40000.0,55000.0,65000.0,75000.0,45000.0,60000.0,70000.0,80000.0,50000.0,65000.0,75000.0,85000.0,55000.0,70000.0,80000.0,90000.0
After 10+2,BBA (International Accounting),100000.0,40000.0,50000.0,60000.0,70000.0,40000.0,55000.0,65000.0,75000.0,45000.0,60000.0,70000.0,80000.0,50000.0,65000.0,75000.0,85000.0,55000.0,70000.0,80000.0,90000.0
After 10+2,BBA (Corporate Finance),100000.0,40000.0,50000.0,60000.0,70000.0,40000.0,55000.0,65000.0,75000.0,45000.0,60000.0,70000.0,80000.0,50000.0,65000.0,75000.0,85000.0,55000.0,70000.0,80000.0,90000.0
After 10+2,BBA (Fintech and Artificial Intelligence),100000.0,40000.0,50000.0,60000.0,70000.0,40000.0,55000.0,65000.0,75000.0,45000.0,60000.0,70000.0,80000.0,50000.0,65000.0,75000.0,85000.0,55000.0,70000.0,80000.0,90000.0
After 10+2,BBA (Artificial Intelligence and Machine Learning),100000.0,40000.0,50000.0,60000.0,70000.0,40000.0,55000.0,65000.0,75000.0,45000.0,60000.0,70000.0,80000.0,50000.0,65000.0,75000.0,85000.0,55000.0,70000.0,80000.0,90000.0
After 10+2,BBA (Digital Marketing and Artificial Intelligence),100000.0,40000.0,50000.0,60000.0,70000.0,40000.0,55000.0,65000.0,75000.0,45000.0,60000.0,70000.0,80000.0,50000.0,65000.0,75000.0,85000.0,55000.0,70000.0,80000.0,90000.0
After 10+2,"BBA (Cargo, Logistics, and Supply Chain Management)",80000.0,32000.0,40000.0,48000.0,56000.0,32000.0,44000.0,52000.0,60000.0,36000.0,48000.0,56000.0,64000.0,40000.0,52000.0,60000.0,68000.0,44000.0,56000.0,64000.0,72000.0
After 10+2,"B.Com./ B.Com  [2+2 with international credit transfer option]
Note:- For Int . Credit Transfer Option INR 50,000 as International Transfer Fee additionally to be paid with 1st Semster Fee.",80000.0,32000.0,40000.0,48000.0,56000.0,32000.0,40000.0,48000.0,56000.0,36000.0,44000.0,52000.0,60000.0,40000.0,48000.0,56000.0,64000.0,44000.0,52000.0,60000.0,68000.0
After 10+2,B.Com. (Hons.)/ (Hons. with Research),80000.0,32000.0,40000.0,48000.0,56000.0,32000.0,40000.0,48000.0,56000.0,36000.0,44000.0,52000.0,60000.0,40000.0,48000.0,56000.0,64000.0,44000.0,52000.0,60000.0,68000.0
After 10+2,B.Com. (Management Accounting and International Finance ),100000.0,40000.0,50000.0,60000.0,70000.0,40000.0,50000.0,60000.0,70000.0,44999.99999999999,55000.00000000001,65000.0,75000.0,50000.0,60000.0,70000.0,80000.0,55000.0,65000.0,75000.0,85000.0
After 10+2,B.Com. (International Accounting),100000.0,40000.0,50000.0,60000.0,70000.0,40000.0,50000.0,60000.0,70000.0,44999.99999999999,55000.00000000001,65000.0,75000.0,50000.0,60000.0,70000.0,80000.0,55000.0,65000.0,75000.0,85000.0
After 10+2,B.Com. (Corporate Finance),100000.0,40000.0,50000.0,60000.0,70000.0,40000.0,50000.0,60000.0,70000.0,44999.99999999999,55000.00000000001,65000.0,75000.0,50000.0,60000.0,70000.0,80000.0,55000.0,65000.0,75000.0,85000.0
After 10+2,B.Com. (Fintech and Artificial Intelligence),100000.0,40000.0,50000.0,60000.0,70000.0,40000.0,50000.0,60000.0,70000.0,44999.99999999999,55000.00000000001,65000.0,75000.0,50000.0,60000.0,70000.0,80000.0,55000.0,65000.0,75000.0,85000.0
After 10+2,B.Sc. (Economics),80000.0,32000.0,40000.0,48000.0,56000.0,32000.0,40000.0,48000.0,56000.0,36000.0,44000.0,52000.0,60000.0,40000.0,48000.0,56000.0,64000.0,44000.0,52000.0,60000.0,68000.0
After 10+2,B.Sc. (Hons.)/(Hons with Research) Economics,80000.0,32000.0,40000.0,48000.0,56000.0,32000.0,40000.0,48000.0,56000.0,36000.0,44000.0,52000.0,60000.0,40000.0,48000.0,56000.0,64000.0,44000.0,52000.0,60000.0,68000.0
After 10+2,"Bachelor of Hotel Mgt. and Catering Technology (BHMCT)/ Bachelor of Hotel Mgt and Catering Technology (BHMCT) 
[ 2+2 with international credit transfer option] 
Note:- For Int . Credit Transfer Option INR 50,000 as International Transfer Fee additionally to be paid with 1st Semster Fee.",80000.0,32000.0,40000.0,48000.0,56000.0,32000.0,40000.0,48000.0,56000.0,36000.0,44000.0,52000.0,60000.0,40000.0,48000.0,56000.0,64000.0,44000.0,52000.0,60000.0,68000.0
After 10+2,B.Sc (Hotel and Hospitality Management),80000.0,32000.0,40000.0,48000.0,56000.0,32000.0,40000.0,48000.0,56000.0,36000.0,44000.0,52000.0,60000.0,40000.0,48000.0,56000.0,64000.0,44000.0,52000.0,60000.0,68000.0
After 10+2,B.Sc. (Culinary Arts),100000.0,40000.0,50000.0,60000.0,70000.0,40000.0,50000.0,60000.0,70000.0,44999.99999999999,55000.00000000001,65000.0,75000.0,50000.0,60000.0,70000.0,80000.0,55000.0,65000.0,75000.0,85000.0
After 10+2,"B.Sc. (Airlines, Tourism and Hospitality)",80000.0,32000.0,40000.0,48000.0,56000.0,32000.0,40000.0,48000.0,56000.0,36000.0,44000.0,52000.0,60000.0,40000.0,48000.0,56000.0,64000.0,44000.0,52000.0,60000.0,68000.0
After 10+2,"BBA (Tourism, Hospitality and Event Management)",80000.0,32000.0,40000.0,48000.0,56000.0,32000.0,40000.0,48000.0,56000.0,36000.0,44000.0,52000.0,60000.0,40000.0,48000.0,56000.0,64000.0,44000.0,52000.0,60000.0,68000.0
After 10+2,BBA (Airlines and Airport Management),80000.0,32000.0,40000.0,48000.0,56000.0,32000.0,40000.0,48000.0,56000.0,36000.0,44000.0,52000.0,60000.0,40000.0,48000.0,56000.0,64000.0,44000.0,52000.0,60000.0,68000.0
After 10+2,"B.Arch.
Note:- For NASA registration additional INR 1,000 to be paid with 2nd Semster Fee.",120000.0,48000.0,60000.0,72000.0,84000.0,48000.0,60000.0,72000.0,84000.0,53999.99999999999,66000.0,78000.0,90000.0,60000.0,72000.0,84000.0,96000.0,66000.0,78000.0,90000.0,102000.0
After 10+2,Integrated B.Tech - M.Tech (Urban and Regional Planning),80000.0,32000.0,40000.0,48000.0,56000.0,32000.0,40000.0,48000.0,56000.0,36000.0,44000.0,52000.0,60000.0,40000.0,48000.0,56000.0,64000.0,44000.0,52000.0,60000.0,68000.0
After 10+2,B.Sc. (Interior and Furniture Design),140000.0,56000.0,70000.0,84000.0,98000.0,56000.0,70000.0,84000.0,98000.0,62999.99999999999,77000.0,91000.0,105000.0,70000.0,84000.0,98000.0,112000.0,77000.0,91000.0,105000.0,119000.0
After 10+2,B.Design (Interior and Furniture),140000.0,56000.0,70000.0,84000.0,98000.0,56000.0,70000.0,84000.0,98000.0,62999.99999999999,77000.0,91000.0,105000.0,70000.0,84000.0,98000.0,112000.0,77000.0,91000.0,105000.0,119000.0
After 10+2,B.Design  (Product and Industrial ),140000.0,56000.0,70000.0,84000.0,98000.0,56000.0,70000.0,84000.0,98000.0,62999.99999999999,77000.0,91000.0,105000.0,70000.0,84000.0,98000.0,112000.0,77000.0,91000.0,105000.0,119000.0
After 10+2,B.Design (UI/UX),140000.0,56000.0,70000.0,84000.0,98000.0,56000.0,70000.0,84000.0,98000.0,62999.99999999999,77000.0,91000.0,105000.0,70000.0,84000.0,98000.0,112000.0,77000.0,91000.0,105000.0,119000.0
After 10+2,B.Sc. (Fashion Design),140000.0,56000.0,70000.0,84000.0,98000.0,56000.0,70000.0,84000.0,98000.0,62999.99999999999,77000.0,91000.0,105000.0,70000.0,84000.0,98000.0,112000.0,77000.0,91000.0,105000.0,119000.0
After 10+2,"B.Design (Fashion )/ B Design (Fashion)  [ 2+2 with international credit transfer option]
Note:- For Int . Credit Transfer Option INR 50,000 as International Transfer Fee additionally to be paid with 1st Semster Fee.",140000.0,56000.0,70000.0,84000.0,98000.0,56000.0,70000.0,84000.0,98000.0,62999.99999999999,77000.0,91000.0,105000.0,70000.0,84000.0,98000.0,112000.0,77000.0,91000.0,105000.0,119000.0
After 10+2,B.Sc. (Animation and VFX Design),140000.0,56000.0,70000.0,84000.0,98000.0,56000.0,70000.0,84000.0,98000.0,62999.99999999999,77000.0,91000.0,105000.0,70000.0,84000.0,98000.0,112000.0,77000.0,91000.0,105000.0,119000.0
After 10+2,B.Design (Animation and VFX),140000.0,56000.0,70000.0,84000.0,98000.0,56000.0,70000.0,84000.0,98000.0,62999.99999999999,77000.0,91000.0,105000.0,70000.0,84000.0,98000.0,112000.0,77000.0,91000.0,105000.0,119000.0
After 10+2,B.Sc. (Graphics Design),140000.0,56000.0,70000.0,84000.0,98000.0,56000.0,70000.0,84000.0,98000.0,62999.99999999999,77000.0,91000.0,105000.0,70000.0,84000.0,98000.0,112000.0,77000.0,91000.0,105000.0,119000.0
After 10+2,B.Design (Graphics),140000.0,56000.0,70000.0,84000.0,98000.0,56000.0,70000.0,84000.0,98000.0,62999.99999999999,77000.0,91000.0,105000.0,70000.0,84000.0,98000.0,112000.0,77000.0,91000.0,105000.0,119000.0
After 10+2,B.Sc. (Gaming Design),140000.0,56000.0,70000.0,84000.0,98000.0,56000.0,70000.0,84000.0,98000.0,62999.99999999999,77000.0,91000.0,105000.0,70000.0,84000.0,98000.0,112000.0,77000.0,91000.0,105000.0,119000.0
After 10+2,B.Design (Gaming),140000.0,56000.0,70000.0,84000.0,98000.0,56000.0,70000.0,84000.0,98000.0,62999.99999999999,77000.0,91000.0,105000.0,70000.0,84000.0,98000.0,112000.0,77000.0,91000.0,105000.0,119000.0
After 10+2,B.Sc. (Film and TV Production ),80000.0,32000.0,40000.0,48000.0,56000.0,32000.0,40000.0,48000.0,56000.0,36000.0,44000.0,52000.0,60000.0,40000.0,48000.0,56000.0,64000.0,44000.0,52000.0,60000.0,68000.0
After 10+2,B.Design (Film and TV Production ),80000.0,32000.0,40000.0,48000.0,56000.0,32000.0,40000.0,48000.0,56000.0,36000.0,44000.0,52000.0,60000.0,40000.0,48000.0,56000.0,64000.0,44000.0,52000.0,60000.0,68000.0
After 10+2,B.A. LL.B.(Hons.),140000.0,56000.0,70000.0,84000.0,98000.0,56000.0,70000.0,84000.0,98000.0,62999.99999999999,77000.0,91000.0,105000.0,70000.0,84000.0,98000.0,112000.0,77000.0,91000.0,105000.0,119000.0
After 10+2,BBA LL.B. (Hons.),140000.0,56000.0,70000.0,84000.0,98000.0,56000.0,70000.0,84000.0,98000.0,62999.99999999999,77000.0,91000.0,105000.0,70000.0,84000.0,98000.0,112000.0,77000.0,91000.0,105000.0,119000.0
After 10+2,B.A. (Fine Arts),50000.0,20000.0,25000.0,30000.0,35000.0,20000.0,25000.0,30000.0,35000.0,22499.999999999996,27500.000000000004,32500.0,37500.0,25000.0,30000.0,35000.0,40000.0,27500.0,32500.0,37500.0,42500.0
After 10+2,Bachelor of Fine Arts (BFA),50000.0,20000.0,25000.0,30000.0,35000.0,20000.0,25000.0,30000.0,35000.0,22499.999999999996,27500.000000000004,32500.0,37500.0,25000.0,30000.0,35000.0,40000.0,27500.0,32500.0,37500.0,42500.0
After 10+2,B.A. (Journalism and Mass Communication),80000.0,32000.0,40000.0,48000.0,56000.0,32000.0,40000.0,48000.0,56000.0,36000.0,44000.0,52000.0,60000.0,40000.0,48000.0,56000.0,64000.0,44000.0,52000.0,60000.0,68000.0
After 10+2,B.A. (Music Vocal/ Theatre),50000.0,20000.0,25000.0,30000.0,35000.0,20000.0,25000.0,30000.0,35000.0,22499.999999999996,27500.000000000004,32500.0,37500.0,25000.0,30000.0,35000.0,40000.0,27500.0,32500.0,37500.0,42500.0
After 10+2,BPA (Music Vocal/  Theatre),50000.0,20000.0,25000.0,30000.0,35000.0,20000.0,25000.0,30000.0,35000.0,22499.999999999996,27500.000000000004,32500.0,37500.0,25000.0,30000.0,35000.0,40000.0,27500.0,32500.0,37500.0,42500.0
After 10+2,Bachelor in Clinical Psychology (B.Clin. Psy),160000.0,104000.0,112000.0,120000.0,128000.0,104000.0,112000.0,120000.0,128000.0,104000.0,112000.0,120000.0,128000.0,104000.0,112000.0,120000.0,128000.0,104000.0,112000.0,120000.0,128000.0
After 10+2,Bachelor of Psychology (B.Psy),80000.0,40000.0,48000.0,56000.0,64000.0,40000.0,48000.0,56000.0,64000.0,44000.0,52000.0,60000.0,68000.0,48000.0,56000.0,64000.0,72000.0,52000.0,60000.0,68000.0,72000.0
After 10+2,Diploma in Library and Information Sciences,10000.0,10000.0,,,,10000.0,,,,10000.0,,,,10000.0,,,,10000.0,,,
After 10+2,Bachelor of Arts (B.A.),50000.0,20000.0,25000.0,30000.0,35000.0,20000.0,25000.0,30000.0,35000.0,22499.999999999996,27500.000000000004,32500.0,37500.0,25000.0,30000.0,35000.0,40000.0,27500.0,32500.0,37500.0,42500.0
After 10+2,B.A. (Hons.)/ (Hons. with Research),50000.0,20000.0,25000.0,30000.0,35000.0,20000.0,25000.0,30000.0,35000.0,22499.999999999996,27500.000000000004,32500.0,37500.0,25000.0,30000.0,35000.0,40000.0,27500.0,32500.0,37500.0,42500.0
After 10+2,B.A. (Social Science),50000.0,25000.0,30000.0,35000.0,40000.0,25000.0,30000.0,35000.0,40000.0,27500.0,32500.0,37500.0,42500.0,30000.0,35000.0,40000.0,45000.0,32500.0,37500.0,42500.0,45000.0
After 10+2,Bachelor of Social Work (BSW),50000.0,20000.0,25000.0,30000.0,35000.0,20000.0,25000.0,30000.0,35000.0,22499.999999999996,27500.000000000004,32500.0,37500.0,25000.0,30000.0,35000.0,40000.0,27500.0,32500.0,37500.0,42500.0
After 10+2,Bachelor of Social Work (Hons.)/ (Hons with Research),50000.0,20000.0,25000.0,30000.0,35000.0,20000.0,25000.0,30000.0,35000.0,22499.999999999996,27500.000000000004,32500.0,37500.0,25000.0,30000.0,35000.0,40000.0,27500.0,32500.0,37500.0,42500.0
After 10+2,B.Sc. (Public Policy),80000.0,52000.0,56000.0,60000.0,64000.0,52000.0,56000.0,60000.0,64000.0,52000.0,56000.0,60000.0,64000.0,52000.0,56000.0,60000.0,64000.0,52000.0,56000.0,60000.0,64000.0
After 10+2,B.A. B.Ed. (Secondary Stage) - Four Year Integrated Teacher Education Programme (ITEP),30000.0,30000.0,,,,30000.0,,,,30000.0,,,,30000.0,,,,30000.0,,,
After 10+2,B.Sc. B.Ed. (Secondary Stage) - Four Year Integrated Teacher Education Programme (ITEP),30000.0,30000.0,,,,30000.0,,,,30000.0,,,,30000.0,,,,30000.0,,,
After 10+2,B.A. B.Ed. Spl. Ed. (Multiple Disability – Preparatory Stage) - (ISITEP),30000.0,30000.0,,,,30000.0,,,,30000.0,,,,30000.0,,,,30000.0,,,
After 10+2,B.Sc. (Health and Physical Education) (3 Years),50000.0,20000.0,25000.0,30000.0,35000.0,20000.0,25000.0,30000.0,35000.0,22499.999999999996,27500.000000000004,32500.0,37500.0,25000.0,30000.0,35000.0,40000.0,27500.0,32500.0,37500.0,42500.0
After 10+2,Bachelor of Physical Education and Sports (BPES),50000.0,20000.0,25000.0,30000.0,35000.0,20000.0,25000.0,30000.0,35000.0,22499.999999999996,27500.000000000004,32500.0,37500.0,25000.0,30000.0,35000.0,40000.0,27500.0,32500.0,37500.0,42500.0
After 10+2,B.Pharm.,120000.0,60000.0,72000.0,84000.0,96000.0,60000.0,72000.0,84000.0,96000.0,66000.0,78000.0,90000.0,102000.0,90000.0,96000.0,102000.0,108000.0,90000.0,96000.0,102000.0,108000.0
After 10+2,Pharm. D (Doctor of Pharmacy),160000.0,104000.0,112000.0,120000.0,128000.0,104000.0,112000.0,120000.0,128000.0,104000.0,112000.0,120000.0,128000.0,104000.0,112000.0,120000.0,128000.0,104000.0,112000.0,120000.0,128000.0
After 10+2,Bachelor of Physiotherapy (B.PT),100000.0,50000.0,60000.0,70000.0,80000.0,50000.0,60000.0,70000.0,80000.0,55000.0,65000.0,75000.0,85000.0,75000.0,80000.0,85000.0,90000.0,75000.0,80000.0,85000.0,90000.0
After 10+2,Bachelor of Medical Laboratory Science,80000.0,40000.0,48000.0,56000.0,64000.0,40000.0,48000.0,56000.0,64000.0,44000.0,52000.0,60000.0,68000.0,48000.0,56000.0,64000.0,72000.0,52000.0,60000.0,68000.0,72000.0
After 10+2,Bachelor of Optometry,80000.0,40000.0,48000.0,56000.0,64000.0,40000.0,48000.0,56000.0,64000.0,44000.0,52000.0,60000.0,68000.0,48000.0,56000.0,64000.0,72000.0,52000.0,60000.0,68000.0,72000.0
After 10+2,Bachelor of Anaesthesia and Operation Theatre Technology,100000.0,65000.0,70000.0,75000.0,80000.0,65000.0,70000.0,75000.0,80000.0,65000.0,70000.0,75000.0,80000.0,65000.0,70000.0,75000.0,80000.0,65000.0,70000.0,75000.0,80000.0
After 10+2,Bachelor of Cardiovascular Technology,100000.0,75000.0,80000.0,85000.0,90000.0,75000.0,80000.0,85000.0,90000.0,75000.0,80000.0,85000.0,90000.0,75000.0,80000.0,85000.0,90000.0,75000.0,80000.0,85000.0,90000.0
After 10+2,Bachelor of Medical Radiology and Imaging Technology,100000.0,75000.0,80000.0,85000.0,90000.0,75000.0,80000.0,85000.0,90000.0,75000.0,80000.0,85000.0,90000.0,75000.0,80000.0,85000.0,90000.0,75000.0,80000.0,85000.0,90000.0
After 10+2,B.Sc. (Clinical Embryology),120000.0,60000.0,72000.0,84000.0,96000.0,60000.0,72000.0,84000.0,96000.0,66000.0,78000.0,90000.0,102000.0,72000.0,84000.0,96000.0,108000.0,78000.0,90000.0,102000.0,108000.0
Lateral Entry,B.Tech. [Lateral Entry],140000.0,56000.0,70000.0,84000.0,98000.0,56000.0,77000.0,91000.0,105000.0,63000.0,84000.0,98000.0,112000.0,70000.0,91000.0,105000.0,119000.0,77000.0,98000.0,112000.0,126000.0
Lateral Entry,B.Tech. [Lateral Entry] (Robotics and Automation),180000.0,72000.0,90000.0,108000.0,125999.99999999999,72000.0,99000.0,117000.0,135000.0,81000.0,108000.0,126000.0,144000.0,90000.0,117000.0,135000.0,153000.0,99000.0,126000.0,144000.0,162000.0
Lateral Entry,B.Tech. [Lateral Entry] (Construction Technology),140000.0,50006.0,,,,50006.0,,,,50006.0,,,,50006.0,,,,50006.0,,,
Lateral Entry,B.Tech. [Lateral Entry] (CSE/ IT),160000.0,64000.0,80000.0,96000.0,112000.0,64000.0,88000.0,104000.0,120000.0,72000.0,96000.0,112000.0,128000.0,80000.0,104000.0,120000.0,136000.0,88000.0,112000.0,128000.0,144000.0
Lateral Entry,B.Tech. B.Tech. (CSE - AI and ML) [Lateral Entry],200000.0,80000.0,100000.0,120000.0,140000.0,80000.0,110000.0,130000.0,150000.0,90000.0,120000.0,140000.0,160000.0,100000.0,130000.0,150000.0,170000.0,110000.0,140000.0,160000.0,180000.0
Lateral Entry,BCA [Lateral Entry],80000.0,32000.0,40000.0,48000.0,56000.0,32000.0,44000.0,52000.0,60000.0,36000.0,48000.0,56000.0,64000.0,40000.0,52000.0,60000.0,68000.0,44000.0,56000.0,64000.0,72000.0
Lateral Entry,B.Sc. (IT)  [Lateral Entry],80000.0,32000.0,40000.0,48000.0,56000.0,32000.0,44000.0,52000.0,60000.0,36000.0,48000.0,56000.0,64000.0,40000.0,52000.0,60000.0,68000.0,44000.0,56000.0,64000.0,72000.0
Lateral Entry,BBA  [Lateral Entry],80000.0,32000.0,40000.0,48000.0,56000.0,32000.0,44000.0,52000.0,60000.0,36000.0,48000.0,56000.0,64000.0,40000.0,52000.0,60000.0,68000.0,44000.0,56000.0,64000.0,72000.0
Lateral Entry,B.Com. [Lateral Entry],80000.0,32000.0,40000.0,48000.0,56000.0,32000.0,40000.0,48000.0,56000.0,36000.0,44000.0,52000.0,60000.0,40000.0,48000.0,56000.0,64000.0,44000.0,52000.0,60000.0,68000.0
Lateral Entry,Bachelor of Hotel Mgt and Catering Technology (BHMCT)  [Lateral Entry],80000.0,32000.0,40000.0,48000.0,56000.0,32000.0,40000.0,48000.0,56000.0,36000.0,44000.0,52000.0,60000.0,40000.0,48000.0,56000.0,64000.0,44000.0,52000.0,60000.0,68000.0
Lateral Entry,B.Sc (Hotel and Hospitality Management) [Lateral Entry],80000.0,32000.0,40000.0,48000.0,56000.0,32000.0,40000.0,48000.0,56000.0,36000.0,44000.0,52000.0,60000.0,40000.0,48000.0,56000.0,64000.0,44000.0,52000.0,60000.0,68000.0
Lateral Entry,"B.Sc. (Airlines, Tourism and Hospitality)  [Lateral Entry]",80000.0,32000.0,40000.0,48000.0,56000.0,32000.0,40000.0,48000.0,56000.0,36000.0,44000.0,52000.0,60000.0,40000.0,48000.0,56000.0,64000.0,44000.0,52000.0,60000.0,68000.0
Lateral Entry,B.Sc. (Interior and Furniture Design) [Lateral Entry],140000.0,56000.0,70000.0,84000.0,98000.0,56000.0,70000.0,84000.0,98000.0,62999.99999999999,77000.0,91000.0,105000.0,70000.0,84000.0,98000.0,112000.0,77000.0,91000.0,105000.0,119000.0
Lateral Entry,B.Design (Interior and Furniture) [Lateral Entry],140000.0,56000.0,70000.0,84000.0,98000.0,56000.0,70000.0,84000.0,98000.0,62999.99999999999,77000.0,91000.0,105000.0,70000.0,84000.0,98000.0,112000.0,77000.0,91000.0,105000.0,119000.0
Lateral Entry,B.Design (Product and Industrial) [Lateral Entry],140000.0,56000.0,70000.0,84000.0,98000.0,56000.0,70000.0,84000.0,98000.0,62999.99999999999,77000.0,91000.0,105000.0,70000.0,84000.0,98000.0,112000.0,77000.0,91000.0,105000.0,119000.0
Lateral Entry,B.Design (UI/UX) [Lateral Entry],140000.0,56000.0,70000.0,84000.0,98000.0,56000.0,70000.0,84000.0,98000.0,62999.99999999999,77000.0,91000.0,105000.0,70000.0,84000.0,98000.0,112000.0,77000.0,91000.0,105000.0,119000.0
Lateral Entry,B.Sc. (Fashion Design) [Lateral Entry],140000.0,56000.0,70000.0,84000.0,98000.0,56000.0,70000.0,84000.0,98000.0,62999.99999999999,77000.0,91000.0,105000.0,70000.0,84000.0,98000.0,112000.0,77000.0,91000.0,105000.0,119000.0
Lateral Entry,B.Design (Fashion) [Lateral Entry],140000.0,56000.0,70000.0,84000.0,98000.0,56000.0,70000.0,84000.0,98000.0,62999.99999999999,77000.0,91000.0,105000.0,70000.0,84000.0,98000.0,112000.0,77000.0,91000.0,105000.0,119000.0
Lateral Entry,B.Pharm.  [Lateral Entry],120000.0,60000.0,72000.0,84000.0,96000.0,60000.0,72000.0,84000.0,96000.0,66000.0,78000.0,90000.0,102000.0,90000.0,96000.0,102000.0,108000.0,90000.0,96000.0,102000.0,108000.0
Lateral Entry,BPT  [Lateral Entry],100000.0,50000.0,60000.0,70000.0,80000.0,50000.0,60000.0,70000.0,80000.0,55000.0,65000.0,75000.0,85000.0,75000.0,80000.0,85000.0,90000.0,75000.0,80000.0,85000.0,90000.0
Lateral Entry,B.Sc. (Medical Lab Technology)  [Lateral Entry],80000.0,40000.0,48000.0,56000.0,64000.0,40000.0,48000.0,56000.0,64000.0,44000.0,52000.0,60000.0,68000.0,48000.0,56000.0,64000.0,72000.0,52000.0,60000.0,68000.0,72000.0
Lateral Entry,B.Sc. (Optometry) [Lateral Entry],80000.0,40000.0,48000.0,56000.0,64000.0,40000.0,48000.0,56000.0,64000.0,44000.0,52000.0,60000.0,68000.0,48000.0,56000.0,64000.0,72000.0,52000.0,60000.0,68000.0,72000.0
Lateral Entry,B.Sc. (Anaesthesia and Operation Theatre Technology) [Lateral Entry],100000.0,65000.0,70000.0,75000.0,80000.0,65000.0,70000.0,75000.0,80000.0,65000.0,70000.0,75000.0,80000.0,65000.0,70000.0,75000.0,80000.0,65000.0,70000.0,75000.0,80000.0
Lateral Entry,B.Sc. (Medical Radiology and Imaging Technology)  [Lateral Entry],100000.0,75000.0,80000.0,85000.0,90000.0,75000.0,80000.0,85000.0,90000.0,75000.0,80000.0,85000.0,90000.0,75000.0,80000.0,85000.0,90000.0,75000.0,80000.0,85000.0,90000.0
Lateral Entry,B.Sc. (Cardiovascular Technology) [Lateral Entry],100000.0,75000.0,80000.0,85000.0,90000.0,75000.0,80000.0,85000.0,90000.0,75000.0,80000.0,85000.0,90000.0,75000.0,80000.0,85000.0,90000.0,75000.0,80000.0,85000.0,90000.0
Lateral Entry,Diploma (Engg.)  [Lateral Entry],30000.0,30000.0,,,,30000.0,,,,30000.0,,,,30000.0,,,,30000.0,,,
After Graduation,"MBA/ MBA  [ 1+1 with international credit transfer option]
Note:- For Int . Credit Transfer Option INR 50,000 as International Transfer Fee additionally to be paid with 1st Semster Fee.",220000.0,88000.0,110000.0,132000.0,154000.0,88000.0,121000.0,143000.0,165000.0,99000.0,132000.0,154000.0,176000.0,110000.0,143000.0,165000.0,187000.0,121000.0,154000.0,176000.0,198000.0
After Graduation,MBA (International Business),220000.0,88000.0,110000.0,132000.0,154000.0,88000.0,121000.0,143000.0,165000.0,99000.0,132000.0,154000.0,176000.0,110000.0,143000.0,165000.0,187000.0,121000.0,154000.0,176000.0,198000.0
After Graduation,MBA (Hospital and Healthcare Management),220000.0,88000.0,110000.0,132000.0,154000.0,88000.0,121000.0,143000.0,165000.0,99000.0,132000.0,154000.0,176000.0,110000.0,143000.0,165000.0,187000.0,121000.0,154000.0,176000.0,198000.0
After Graduation,MBA (Digital and Social Media Marketing),220000.0,88000.0,110000.0,132000.0,154000.0,88000.0,121000.0,143000.0,165000.0,99000.0,132000.0,154000.0,176000.0,110000.0,143000.0,165000.0,187000.0,121000.0,154000.0,176000.0,198000.0
After Graduation,"MBA (Tourism, Aviation and Hospitality)",140000.0,56000.0,70000.0,84000.0,98000.0,56000.0,77000.0,91000.0,105000.0,63000.0,84000.0,98000.0,112000.0,70000.0,91000.0,105000.0,119000.0,77000.0,98000.0,112000.0,126000.0
After Graduation,MBA (Data Science and Artificial Intelligence),270000.0,108000.0,135000.0,162000.0,189000.0,108000.0,148500.0,175500.0,202500.0,121500.0,162000.0,189000.0,216000.0,135000.0,175500.0,202500.0,229500.0,148500.0,189000.0,216000.0,243000.0
After Graduation,MBA (Fintech and Artificial Intelligence),270000.0,108000.0,135000.0,162000.0,189000.0,108000.0,148500.0,175500.0,202500.0,121500.0,162000.0,189000.0,216000.0,135000.0,175500.0,202500.0,229500.0,148500.0,189000.0,216000.0,243000.0
After Graduation,MBA (Business Analytics),270000.0,108000.0,135000.0,162000.0,189000.0,108000.0,148500.0,175500.0,202500.0,121500.0,162000.0,189000.0,216000.0,135000.0,175500.0,202500.0,229500.0,148500.0,189000.0,216000.0,243000.0
After Graduation,MBA (Financial Markets),270000.0,108000.0,135000.0,162000.0,189000.0,108000.0,148500.0,175500.0,202500.0,121500.0,162000.0,189000.0,216000.0,135000.0,175500.0,202500.0,229500.0,148500.0,189000.0,216000.0,243000.0
After Graduation,MBA (Supply Chain and Logistics),270000.0,108000.0,135000.0,162000.0,189000.0,108000.0,148500.0,175500.0,202500.0,121500.0,162000.0,189000.0,216000.0,135000.0,175500.0,202500.0,229500.0,148500.0,189000.0,216000.0,243000.0
After Graduation,M.Com.,50000.0,20000.0,25000.0,30000.0,35000.0,20000.0,25000.0,30000.0,35000.0,22499.999999999996,27500.000000000004,32500.0,37500.0,25000.0,30000.0,35000.0,40000.0,27500.0,32500.0,37500.0,42500.0
After Graduation,M.Sc. (Economics),50000.0,20000.0,25000.0,30000.0,35000.0,20000.0,25000.0,30000.0,35000.0,22499.999999999996,27500.000000000004,32500.0,37500.0,25000.0,30000.0,35000.0,40000.0,27500.0,32500.0,37500.0,42500.0
After Graduation,M.A. (Economics),50000.0,20000.0,25000.0,30000.0,35000.0,20000.0,25000.0,30000.0,35000.0,22499.999999999996,27500.000000000004,32500.0,37500.0,25000.0,30000.0,35000.0,40000.0,27500.0,32500.0,37500.0,42500.0
After Graduation,M.Sc. (UI/UX Design),80000.0,32000.0,40000.0,48000.0,56000.0,32000.0,40000.0,48000.0,56000.0,36000.0,44000.0,52000.0,60000.0,40000.0,48000.0,56000.0,64000.0,44000.0,52000.0,60000.0,68000.0
After Graduation,M.Sc. (Interior and Furniture Design),80000.0,32000.0,40000.0,48000.0,56000.0,32000.0,40000.0,48000.0,56000.0,36000.0,44000.0,52000.0,60000.0,40000.0,48000.0,56000.0,64000.0,44000.0,52000.0,60000.0,68000.0
After Graduation,M.Design (Interior and Furniture),80000.0,32000.0,40000.0,48000.0,56000.0,32000.0,40000.0,48000.0,56000.0,36000.0,44000.0,52000.0,60000.0,40000.0,48000.0,56000.0,64000.0,44000.0,52000.0,60000.0,68000.0
After Graduation,M.Sc. (Fashion Design),80000.0,32000.0,40000.0,48000.0,56000.0,32000.0,40000.0,48000.0,56000.0,36000.0,44000.0,52000.0,60000.0,40000.0,48000.0,56000.0,64000.0,44000.0,52000.0,60000.0,68000.0
After Graduation,Master of Fashion Management (MFM),80000.0,32000.0,40000.0,48000.0,56000.0,32000.0,40000.0,48000.0,56000.0,36000.0,44000.0,52000.0,60000.0,40000.0,48000.0,56000.0,64000.0,44000.0,52000.0,60000.0,68000.0
After Graduation,M.Sc. (Animation and VFX Design),80000.0,32000.0,40000.0,48000.0,56000.0,32000.0,40000.0,48000.0,56000.0,36000.0,44000.0,52000.0,60000.0,40000.0,48000.0,56000.0,64000.0,44000.0,52000.0,60000.0,68000.0
After Graduation,Master of Fine Arts (MFA),50000.0,20000.0,25000.0,30000.0,35000.0,20000.0,25000.0,30000.0,35000.0,22499.999999999996,27500.000000000004,32500.0,37500.0,25000.0,30000.0,35000.0,40000.0,27500.0,32500.0,37500.0,42500.0
After Graduation,M.Sc. (Film and TV Production),80000.0,32000.0,40000.0,48000.0,56000.0,32000.0,40000.0,48000.0,56000.0,36000.0,44000.0,52000.0,60000.0,40000.0,48000.0,56000.0,64000.0,44000.0,52000.0,60000.0,68000.0
After Graduation,M.A. (Journalism and Mass Communication),80000.0,32000.0,40000.0,48000.0,56000.0,32000.0,40000.0,48000.0,56000.0,36000.0,44000.0,52000.0,60000.0,40000.0,48000.0,56000.0,64000.0,44000.0,52000.0,60000.0,68000.0
After Graduation,Master of Performing Arts (MPA),50000.0,20000.0,25000.0,30000.0,35000.0,20000.0,25000.0,30000.0,35000.0,22499.999999999996,27500.000000000004,32500.0,37500.0,25000.0,30000.0,35000.0,40000.0,27500.0,32500.0,37500.0,42500.0
After Graduation,M.A. (English),50000.0,20000.0,25000.0,30000.0,35000.0,20000.0,25000.0,30000.0,35000.0,22499.999999999996,27500.000000000004,32500.0,37500.0,25000.0,30000.0,35000.0,40000.0,27500.0,32500.0,37500.0,42500.0
After Graduation,M.A. (History),50000.0,20000.0,25000.0,30000.0,35000.0,20000.0,25000.0,30000.0,35000.0,22499.999999999996,27500.000000000004,32500.0,37500.0,25000.0,30000.0,35000.0,40000.0,27500.0,32500.0,37500.0,42500.0
After Graduation,M.Sc. (Public Policy),50000.0,20000.0,25000.0,30000.0,35000.0,20000.0,25000.0,30000.0,35000.0,22499.999999999996,27500.000000000004,32500.0,37500.0,25000.0,30000.0,35000.0,40000.0,27500.0,32500.0,37500.0,42500.0
After Graduation,M.A. (Psychology),50000.0,20000.0,25000.0,30000.0,35000.0,20000.0,25000.0,30000.0,35000.0,22499.999999999996,27500.000000000004,32500.0,37500.0,25000.0,30000.0,35000.0,40000.0,27500.0,32500.0,37500.0,42500.0
After Graduation,M.A. (Applied Psychology),80000.0,32000.0,40000.0,48000.0,56000.0,32000.0,40000.0,48000.0,56000.0,36000.0,44000.0,52000.0,60000.0,40000.0,48000.0,56000.0,64000.0,44000.0,52000.0,60000.0,68000.0
After Graduation,M.A. (Counselling Psychology),80000.0,32000.0,40000.0,48000.0,56000.0,32000.0,40000.0,48000.0,56000.0,36000.0,44000.0,52000.0,60000.0,40000.0,48000.0,56000.0,64000.0,44000.0,52000.0,60000.0,68000.0
After Graduation,Master in Clinical Psychology (M.Clin. Psy),160000.0,104000.0,112000.0,120000.0,128000.0,104000.0,112000.0,120000.0,128000.0,104000.0,112000.0,120000.0,128000.0,104000.0,112000.0,120000.0,128000.0,104000.0,112000.0,120000.0,128000.0
After Graduation,M.Sc. (Forensic Psychology),80000.0,32000.0,40000.0,48000.0,56000.0,32000.0,40000.0,48000.0,56000.0,36000.0,44000.0,52000.0,60000.0,40000.0,48000.0,56000.0,64000.0,44000.0,52000.0,60000.0,68000.0
After Graduation,M.A. (Sociology),50000.0,20000.0,25000.0,30000.0,35000.0,20000.0,25000.0,30000.0,35000.0,22499.999999999996,27500.000000000004,32500.0,37500.0,25000.0,30000.0,35000.0,40000.0,27500.0,32500.0,37500.0,42500.0
After Graduation,Master of Social Work (MSW),50000.0,20000.0,25000.0,30000.0,35000.0,20000.0,25000.0,30000.0,35000.0,22499.999999999996,27500.000000000004,32500.0,37500.0,25000.0,30000.0,35000.0,40000.0,27500.0,32500.0,37500.0,42500.0
After Graduation,M.A. (Political Science),50000.0,20000.0,25000.0,30000.0,35000.0,20000.0,25000.0,30000.0,35000.0,22499.999999999996,27500.000000000004,32500.0,37500.0,25000.0,30000.0,35000.0,40000.0,27500.0,32500.0,37500.0,42500.0
After Graduation,M.Sc. (Geography),50000.0,20000.0,25000.0,30000.0,35000.0,20000.0,25000.0,30000.0,35000.0,22499.999999999996,27500.000000000004,32500.0,37500.0,25000.0,30000.0,35000.0,40000.0,27500.0,32500.0,37500.0,42500.0
After Graduation,M.A. (Punjabi/Hindi),10000.0,10000.0,,,,10000.0,,,,10000.0,,,,10000.0,,,,10000.0,,,
After Graduation,Bachelors of Library and Information Science,10000.0,10000.0,,,,10000.0,,,,10000.0,,,,10000.0,,,,10000.0,,,
After Graduation,Masters of Library and Information Science,10000.0,10000.0,,,,10000.0,,,,10000.0,,,,10000.0,,,,10000.0,,,
After Graduation,LL.B.,80000.0,32000.0,40000.0,48000.0,56000.0,32000.0,40000.0,48000.0,56000.0,36000.0,44000.0,52000.0,60000.0,40000.0,48000.0,56000.0,64000.0,44000.0,52000.0,60000.0,68000.0
After Graduation,LL.M.,80000.0,32000.0,40000.0,48000.0,56000.0,32000.0,40000.0,48000.0,56000.0,36000.0,44000.0,52000.0,60000.0,40000.0,48000.0,56000.0,64000.0,44000.0,52000.0,60000.0,68000.0
After Graduation,B.Ed.,30000.0,30000.0,,,,30000.0,,,,30000.0,,,,30000.0,,,,30000.0,,,
After Graduation,M.A. (Education),30000.0,30000.0,,,,30000.0,,,,30000.0,,,,30000.0,,,,30000.0,,,
After Graduation,M.P.Ed.,50000.0,20000.0,25000.0,30000.0,35000.0,20000.0,25000.0,30000.0,35000.0,22499.999999999996,27500.000000000004,32500.0,37500.0,25000.0,30000.0,35000.0,40000.0,27500.0,32500.0,37500.0,42500.0
After Graduation,B.P.Ed.,50000.0,20000.0,25000.0,30000.0,35000.0,20000.0,25000.0,30000.0,35000.0,22499.999999999996,27500.000000000004,32500.0,37500.0,25000.0,30000.0,35000.0,40000.0,27500.0,32500.0,37500.0,42500.0
After Graduation,M.Tech. (Computer Science and Engg.),100000.0,40000.0,50000.0,60000.0,70000.0,40000.0,50000.0,60000.0,70000.0,44999.99999999999,55000.00000000001,65000.0,75000.0,50000.0,60000.0,70000.0,80000.0,55000.0,65000.0,75000.0,85000.0
After Graduation,"M.Tech. (Computer Science and Engineering) (by Research) [1+1 with international credit transfer option]
Note:- For Int . Credit Transfer Option INR 50,000 as International Transfer Fee additionally to be paid with 1st Semster Fee.",100000.0,40000.0,50000.0,60000.0,70000.0,40000.0,50000.0,60000.0,70000.0,44999.99999999999,55000.00000000001,65000.0,75000.0,50000.0,60000.0,70000.0,80000.0,55000.0,65000.0,75000.0,85000.0
After Graduation,M.Tech. (Machine Learning and Artificial Intelligence),100000.0,40000.0,50000.0,60000.0,70000.0,40000.0,50000.0,60000.0,70000.0,44999.99999999999,55000.00000000001,65000.0,75000.0,50000.0,60000.0,70000.0,80000.0,55000.0,65000.0,75000.0,85000.0
After Graduation,M.Tech. (Data Science and Analytics),100000.0,40000.0,50000.0,60000.0,70000.0,40000.0,50000.0,60000.0,70000.0,44999.99999999999,55000.00000000001,65000.0,75000.0,50000.0,60000.0,70000.0,80000.0,55000.0,65000.0,75000.0,85000.0
After Graduation,M.Tech. (Information Security and Cyber Forensics),100000.0,40000.0,50000.0,60000.0,70000.0,40000.0,50000.0,60000.0,70000.0,44999.99999999999,55000.00000000001,65000.0,75000.0,50000.0,60000.0,70000.0,80000.0,55000.0,65000.0,75000.0,85000.0
After Graduation,M.Tech. (VLSI Design),80000.0,32000.0,40000.0,48000.0,56000.0,32000.0,40000.0,48000.0,56000.0,36000.0,44000.0,52000.0,60000.0,40000.0,48000.0,56000.0,64000.0,44000.0,52000.0,60000.0,68000.0
After Graduation,M.Tech (Robotics and Artificial Intelligence),80000.0,32000.0,40000.0,48000.0,56000.0,32000.0,40000.0,48000.0,56000.0,36000.0,44000.0,52000.0,60000.0,40000.0,48000.0,56000.0,64000.0,44000.0,52000.0,60000.0,68000.0
After Graduation,M.Tech. (Food Technology),80000.0,32000.0,40000.0,48000.0,56000.0,32000.0,40000.0,48000.0,56000.0,36000.0,44000.0,52000.0,60000.0,40000.0,48000.0,56000.0,64000.0,44000.0,52000.0,60000.0,68000.0
After Graduation,M.Tech. (Aerospace Engineering),80000.0,32000.0,40000.0,48000.0,56000.0,32000.0,40000.0,48000.0,56000.0,36000.0,44000.0,52000.0,60000.0,40000.0,48000.0,56000.0,64000.0,44000.0,52000.0,60000.0,68000.0
After Graduation,"M.Tech. (Biotechnology) / M Tech (Biotechnology)  [ 1+1 with international credit transfer option]
Note:- For Int . Credit Transfer Option INR 50,000 as International Transfer Fee additionally to be paid with 1st Semster Fee.",80000.0,32000.0,40000.0,48000.0,56000.0,32000.0,40000.0,48000.0,56000.0,36000.0,44000.0,52000.0,60000.0,40000.0,48000.0,56000.0,64000.0,44000.0,52000.0,60000.0,68000.0
After Graduation,M.Tech. (Power Systems),80000.0,32000.0,40000.0,48000.0,56000.0,32000.0,40000.0,48000.0,56000.0,36000.0,44000.0,52000.0,60000.0,40000.0,48000.0,56000.0,64000.0,44000.0,52000.0,60000.0,68000.0
After Graduation,M.Tech. (Structural Engg.),80000.0,32000.0,40000.0,48000.0,56000.0,32000.0,40000.0,48000.0,56000.0,36000.0,44000.0,52000.0,60000.0,40000.0,48000.0,56000.0,64000.0,44000.0,52000.0,60000.0,68000.0
After Graduation,M.Tech. (Construction Management),80000.0,32000.0,40000.0,48000.0,56000.0,32000.0,40000.0,48000.0,56000.0,36000.0,44000.0,52000.0,60000.0,40000.0,48000.0,56000.0,64000.0,44000.0,52000.0,60000.0,68000.0
After Graduation,MCA,100000.0,40000.0,50000.0,60000.0,70000.0,40000.0,55000.0,65000.0,75000.0,45000.0,60000.0,70000.0,80000.0,50000.0,65000.0,75000.0,85000.0,55000.0,70000.0,80000.0,90000.0
After Graduation,MCA (Hons.) (Data Science),120000.0,78000.0,84000.0,90000.0,96000.0,78000.0,84000.0,90000.0,96000.0,78000.0,84000.0,90000.0,96000.0,78000.0,84000.0,90000.0,96000.0,78000.0,84000.0,90000.0,96000.0
After Graduation,MCA (Hons.) (Artificial Intelligence and Machine Learning),120000.0,78000.0,84000.0,90000.0,96000.0,78000.0,84000.0,90000.0,96000.0,78000.0,84000.0,90000.0,96000.0,78000.0,84000.0,90000.0,96000.0,78000.0,84000.0,90000.0,96000.0
After Graduation,MCA (Hons.) (Cyber Security),120000.0,78000.0,84000.0,90000.0,96000.0,78000.0,84000.0,90000.0,96000.0,78000.0,84000.0,90000.0,96000.0,78000.0,84000.0,90000.0,96000.0,78000.0,84000.0,90000.0,96000.0
After Graduation,M.Sc. (Information Technology),80000.0,32000.0,40000.0,48000.0,56000.0,32000.0,44000.0,52000.0,60000.0,36000.0,48000.0,56000.0,64000.0,40000.0,52000.0,60000.0,68000.0,44000.0,56000.0,64000.0,72000.0
After Graduation,M.Sc (Data Science),120000.0,78000.0,84000.0,90000.0,96000.0,78000.0,84000.0,90000.0,96000.0,78000.0,84000.0,90000.0,96000.0,78000.0,84000.0,90000.0,96000.0,78000.0,84000.0,90000.0,96000.0
After Graduation,M.Sc. (Agri.) Agronomy,120000.0,60000.0,72000.0,84000.0,96000.0,60000.0,72000.0,84000.0,96000.0,66000.0,78000.0,90000.0,102000.0,90000.0,96000.0,102000.0,108000.0,90000.0,96000.0,102000.0,108000.0
After Graduation,M.Sc. (Agri.) Soil Science,120000.0,60000.0,72000.0,84000.0,96000.0,60000.0,72000.0,84000.0,96000.0,66000.0,78000.0,90000.0,102000.0,90000.0,96000.0,102000.0,108000.0,90000.0,96000.0,102000.0,108000.0
After Graduation,M.Sc. (Agri.) Genetics and Plant Breeding,120000.0,60000.0,72000.0,84000.0,96000.0,60000.0,72000.0,84000.0,96000.0,66000.0,78000.0,90000.0,102000.0,90000.0,96000.0,102000.0,108000.0,90000.0,96000.0,102000.0,108000.0
After Graduation,M.Sc. (Agri.) Entomology,120000.0,60000.0,72000.0,84000.0,96000.0,60000.0,72000.0,84000.0,96000.0,66000.0,78000.0,90000.0,102000.0,90000.0,96000.0,102000.0,108000.0,90000.0,96000.0,102000.0,108000.0
After Graduation,M.Sc. (Agri.) Plant Pathology,120000.0,60000.0,72000.0,84000.0,96000.0,60000.0,72000.0,84000.0,96000.0,66000.0,78000.0,90000.0,102000.0,90000.0,96000.0,102000.0,108000.0,90000.0,96000.0,102000.0,108000.0
After Graduation,M.Sc. (Hort.) Fruit Science,120000.0,60000.0,72000.0,84000.0,96000.0,60000.0,72000.0,84000.0,96000.0,66000.0,78000.0,90000.0,102000.0,90000.0,96000.0,102000.0,108000.0,90000.0,96000.0,102000.0,108000.0
After Graduation,M.Sc. (Hort.) Vegetable Science,120000.0,60000.0,72000.0,84000.0,96000.0,60000.0,72000.0,84000.0,96000.0,66000.0,78000.0,90000.0,102000.0,90000.0,96000.0,102000.0,108000.0,90000.0,96000.0,102000.0,108000.0
After Graduation,M.Sc. (Hort.) Floriculture and Landscaping,120000.0,60000.0,72000.0,84000.0,96000.0,60000.0,72000.0,84000.0,96000.0,66000.0,78000.0,90000.0,102000.0,90000.0,96000.0,102000.0,108000.0,90000.0,96000.0,102000.0,108000.0
After Graduation,M.Sc. (Food  Science and Technology),80000.0,32000.0,40000.0,48000.0,56000.0,32000.0,40000.0,48000.0,56000.0,36000.0,44000.0,52000.0,60000.0,40000.0,48000.0,56000.0,64000.0,44000.0,52000.0,60000.0,68000.0
After Graduation,Masters of Nutrition and Dietetics,80000.0,32000.0,40000.0,48000.0,56000.0,32000.0,40000.0,48000.0,56000.0,36000.0,44000.0,52000.0,60000.0,40000.0,48000.0,56000.0,64000.0,44000.0,52000.0,60000.0,68000.0
After Graduation,M.Sc. (Hons.) Biotechnology,80000.0,32000.0,40000.0,48000.0,56000.0,32000.0,40000.0,48000.0,56000.0,36000.0,44000.0,52000.0,60000.0,40000.0,48000.0,56000.0,64000.0,44000.0,52000.0,60000.0,68000.0
After Graduation,M.Sc. (Hons.) Microbiology,80000.0,32000.0,40000.0,48000.0,56000.0,32000.0,40000.0,48000.0,56000.0,36000.0,44000.0,52000.0,60000.0,40000.0,48000.0,56000.0,64000.0,44000.0,52000.0,60000.0,68000.0
After Graduation,M.Sc. (Forensic Science),80000.0,32000.0,40000.0,48000.0,56000.0,32000.0,40000.0,48000.0,56000.0,36000.0,44000.0,52000.0,60000.0,40000.0,48000.0,56000.0,64000.0,44000.0,52000.0,60000.0,68000.0
After Graduation,M.Sc. (Digital Forensics and Cyber Security),80000.0,32000.0,40000.0,48000.0,56000.0,32000.0,40000.0,48000.0,56000.0,36000.0,44000.0,52000.0,60000.0,40000.0,48000.0,56000.0,64000.0,44000.0,52000.0,60000.0,68000.0
After Graduation,"M.Sc. (Hons.) Zoology/ 
M.Sc. (Zoology)",50000.0,20000.0,25000.0,30000.0,35000.0,20000.0,25000.0,30000.0,35000.0,22499.999999999996,27500.000000000004,32500.0,37500.0,25000.0,30000.0,35000.0,40000.0,27500.0,32500.0,37500.0,42500.0
After Graduation,M.Sc. (Hons.) Physics,50000.0,20000.0,25000.0,30000.0,35000.0,20000.0,25000.0,30000.0,35000.0,22499.999999999996,27500.000000000004,32500.0,37500.0,25000.0,30000.0,35000.0,40000.0,27500.0,32500.0,37500.0,42500.0
After Graduation,M.Sc.(Hons.) Chemistry,50000.0,20000.0,25000.0,30000.0,35000.0,20000.0,25000.0,30000.0,35000.0,22499.999999999996,27500.000000000004,32500.0,37500.0,25000.0,30000.0,35000.0,40000.0,27500.0,32500.0,37500.0,42500.0
After Graduation,M.Sc. (Mathematics),50000.0,20000.0,25000.0,30000.0,35000.0,20000.0,25000.0,30000.0,35000.0,22499.999999999996,27500.000000000004,32500.0,37500.0,25000.0,30000.0,35000.0,40000.0,27500.0,32500.0,37500.0,42500.0
After Graduation,M.A. (Mathematics),50000.0,20000.0,25000.0,30000.0,35000.0,20000.0,25000.0,30000.0,35000.0,22499.999999999996,27500.000000000004,32500.0,37500.0,25000.0,30000.0,35000.0,40000.0,27500.0,32500.0,37500.0,42500.0
After Graduation,M.Sc. (Statistics and Data Analytics),50000.0,20000.0,25000.0,30000.0,35000.0,20000.0,25000.0,30000.0,35000.0,22499.999999999996,27500.000000000004,32500.0,37500.0,25000.0,30000.0,35000.0,40000.0,27500.0,32500.0,37500.0,42500.0
After Graduation,M.Pharm. (Pharmaceutics),120000.0,60000.0,72000.0,84000.0,96000.0,60000.0,72000.0,84000.0,96000.0,66000.0,78000.0,90000.0,102000.0,90000.0,96000.0,102000.0,108000.0,90000.0,96000.0,102000.0,108000.0
After Graduation,M.Pharm. (Pharmacology),120000.0,60000.0,72000.0,84000.0,96000.0,60000.0,72000.0,84000.0,96000.0,66000.0,78000.0,90000.0,102000.0,90000.0,96000.0,102000.0,108000.0,90000.0,96000.0,102000.0,108000.0
After Graduation,M.Pharm. (Pharmaceutical Analysis),120000.0,60000.0,72000.0,84000.0,96000.0,60000.0,72000.0,84000.0,96000.0,66000.0,78000.0,90000.0,102000.0,90000.0,96000.0,102000.0,108000.0,90000.0,96000.0,102000.0,108000.0
After Graduation,M.Pharm. (Pharmaceutical Chemistry),120000.0,60000.0,72000.0,84000.0,96000.0,60000.0,72000.0,84000.0,96000.0,66000.0,78000.0,90000.0,102000.0,90000.0,96000.0,102000.0,108000.0,90000.0,96000.0,102000.0,108000.0
After Graduation,M.Pharm. (Pharmacy Practice),120000.0,60000.0,72000.0,84000.0,96000.0,60000.0,72000.0,84000.0,96000.0,66000.0,78000.0,90000.0,102000.0,90000.0,96000.0,102000.0,108000.0,90000.0,96000.0,102000.0,108000.0
After Graduation,Pharm.D (PB),160000.0,104000.0,112000.0,120000.0,128000.0,104000.0,112000.0,120000.0,128000.0,104000.0,112000.0,120000.0,128000.0,104000.0,112000.0,120000.0,128000.0,104000.0,112000.0,120000.0,128000.0
After Graduation,M.PT,80000.0,32000.0,40000.0,48000.0,56000.0,32000.0,40000.0,48000.0,56000.0,36000.0,44000.0,52000.0,60000.0,40000.0,48000.0,56000.0,64000.0,44000.0,52000.0,60000.0,68000.0
After Graduation,Master of Medical Laboratory Science (Medical Microbiology),80000.0,40000.0,48000.0,56000.0,64000.0,40000.0,48000.0,56000.0,64000.0,44000.0,52000.0,60000.0,68000.0,48000.0,56000.0,64000.0,72000.0,52000.0,60000.0,68000.0,72000.0
After Graduation,M.Sc. (Clinical Embryology),220000.0,88000.0,110000.0,132000.0,154000.0,88000.0,110000.0,132000.0,154000.0,98999.99999999999,121000.00000000001,143000.0,165000.0,110000.0,132000.0,154000.0,176000.0,121000.0,143000.0,165000.0,187000.0
