official_code,eligibility_base,base_fee,phase1_A,phase1_B,phase1_C,phase1_D,phase2_A,phase2_B,phase2_C,phase2_D,phase3_A,phase3_B,phase3_C,phase3_D,phase4_A,phase4_B,phase4_C,phase4_D,phase5_A,phase5_B,phase5_C,phase5_D
P105,After 10th,30000.0,30000.0,,,,30000.0,,,,30000.0,,,,30000.0,,,,30000.0,,,
P102,After 10th,30000.0,30000.0,,,,30000.0,,,,30000.0,,,,30000.0,,,,30000.0,,,
P102-NNP,After 10th,30000.0,30000.0,,,,30000.0,,,,30000.0,,,,30000.0,,,,30000.0,,,
P108,After 10th,30000.0,30000.0,,,,30000.0,,,,30000.0,,,,30000.0,,,,30000.0,,,
P109,After 10th,30000.0,30000.0,,,,30000.0,,,,30000.0,,,,30000.0,,,,30000.0,,,
P107,After 10th,30000.0,30000.0,,,,30000.0,,,,30000.0,,,,30000.0,,,,30000.0,,,
P106,After 10th,30000.0,30000.0,,,,30000.0,,,,30000.0,,,,30000.0,,,,30000.0,,,
P301,After 10th,50000.0,20000.0,25000.0,30000.0,35000.0,20000.0,25000.0,30000.0,35000.0,22499.999999999996,27500.000000000004,32500.0,37500.0,25000.0,30000.0,35000.0,40000.0,27500.0,32500.0,37500.0,42500.0
P701,After 10th,30000.0,30000.0,,,,30000.0,,,,30000.0,,,,30000.0,,,,30000.0,,,
P501,After 10th,50000.0,20000.0,25000.0,30000.0,35000.0,20000.0,25000.0,30000.0,35000.0,22499.999999999996,27500.000000000004,32500.0,37500.0,25000.0,30000.0,35000.0,40000.0,27500.0,32500.0,37500.0,42500.0
P135,After 10+2,140000.0,56000.0,70000.0,84000.0,98000.0,56000.0,77000.0,91000.0,105000.0,63000.0,84000.0,98000.0,112000.0,70000.0,91000.0,105000.0,119000.0,77000.0,98000.0,112000.0,126000.0
P135-Y,After 10+2,140000.0,56000.0,70000.0,84000.0,98000.0,56000.0,77000.0,91000.0,105000.0,63000.0,84000.0,98000.0,112000.0,70000.0,91000.0,105000.0,119000.0,77000.0,98000.0,112000.0,126000.0
P135-NNB,After 10+2,180000.0,72000.0,90000.0,108000.0,125999.99999999999,72000.0,99000.0,117000.0,135000.0,81000.0,108000.0,126000.0,144000.0,90000.0,117000.0,135000.0,153000.0,99000.0,126000.0,144000.0,162000.0
P135-NN9,After 10+2,180000.0,72000.0,90000.0,108000.0,125999.99999999999,72000.0,99000.0,117000.0,135000.0,81000.0,108000.0,126000.0,144000.0,90000.0,117000.0,135000.0,153000.0,99000.0,126000.0,144000.0,162000.0
P132,After 10+2,160000.0,64000.0,80000.0,96000.0,112000.0,64000.0,88000.0,104000.0,120000.0,72000.0,96000.0,112000.0,128000.0,80000.0,104000.0,120000.0,136000.0,88000.0,112000.0,128000.0,144000.0
P132-Y,After 10+2,160000.0,64000.0,80000.0,96000.0,112000.0,64000.0,88000.0,104000.0,120000.0,72000.0,96000.0,112000.0,128000.0,80000.0,104000.0,120000.0,136000.0,88000.0,112000.0,128000.0,144000.0
P132-NNM,After 10+2,180000.0,72000.0,90000.0,108000.0,125999.99999999999,72000.0,99000.0,117000.0,135000.0,81000.0,108000.0,126000.0,144000.0,90000.0,117000.0,135000.0,153000.0,99000.0,126000.0,144000.0,162000.0
P132-NNK,After 10+2,200000.0,150000.0,160000.0,170000.0,180000.0,150000.0,160000.0,170000.0,180000.0,150000.0,160000.0,170000.0,180000.0,150000.0,160000.0,170000.0,180000.0,150000.0,160000.0,170000.0,180000.0
P132-NNL,After 10+2,200000.0,150000.0,160000.0,170000.0,180000.0,150000.0,160000.0,170000.0,180000.0,150000.0,160000.0,170000.0,180000.0,150000.0,160000.0,170000.0,180000.0,150000.0,160000.0,170000.0,180000.0
P132-NNAA,After 10+2,180000.0,72000.0,90000.0,108000.0,125999.99999999999,72000.0,99000.0,117000.0,135000.0,81000.0,108000.0,126000.0,144000.0,90000.0,117000.0,135000.0,153000.0,99000.0,126000.0,144000.0,162000.0
P132-NNAH,After 10+2,180000.0,72000.0,90000.0,108000.0,125999.99999999999,72000.0,99000.0,117000.0,135000.0,81000.0,108000.0,126000.0,144000.0,90000.0,117000.0,135000.0,153000.0,99000.0,126000.0,144000.0,162000.0
P132-NNAB,After 10+2,180000.0,72000.0,90000.0,108000.0,125999.99999999999,72000.0,99000.0,117000.0,135000.0,81000.0,108000.0,126000.0,144000.0,90000.0,117000.0,135000.0,153000.0,99000.0,126000.0,144000.0,162000.0
P132-NNAK,After 10+2,200000.0,80000.0,100000.0,120000.0,140000.0,80000.0,110000.0,130000.0,150000.0,90000.0,120000.0,140000.0,160000.0,100000.0,130000.0,150000.0,170000.0,110000.0,140000.0,160000.0,180000.0
P132-NNS,After 10+2,200000.0,130000.0,140000.0,150000.0,160000.0,130000.0,140000.0,150000.0,160000.0,130000.0,140000.0,150000.0,160000.0,130000.0,140000.0,150000.0,160000.0,130000.0,140000.0,150000.0,160000.0
P132-NNT,After 10+2,180000.0,72000.0,90000.0,108000.0,125999.99999999999,72000.0,99000.0,117000.0,135000.0,81000.0,108000.0,126000.0,144000.0,90000.0,117000.0,135000.0,153000.0,99000.0,126000.0,144000.0,162000.0
P132-NNAJ,After 10+2,200000.0,80000.0,100000.0,120000.0,140000.0,80000.0,110000.0,130000.0,150000.0,90000.0,120000.0,140000.0,160000.0,100000.0,130000.0,150000.0,170000.0,110000.0,140000.0,160000.0,180000.0
P132-NNAG,After 10+2,450000.0,292500.0,315000.0,337500.0,360000.0,292500.0,315000.0,337500.0,360000.0,292500.0,315000.0,337500.0,360000.0,292500.0,315000.0,337500.0,360000.0,292500.0,315000.0,337500.0,360000.0
P132-HNF,After 10+2,200000.0,130000.0,140000.0,150000.0,160000.0,130000.0,140000.0,150000.0,160000.0,130000.0,140000.0,150000.0,160000.0,130000.0,140000.0,150000.0,160000.0,130000.0,140000.0,150000.0,160000.0
P132-HNG,After 10+2,200000.0,130000.0,140000.0,150000.0,160000.0,130000.0,140000.0,150000.0,160000.0,130000.0,140000.0,150000.0,160000.0,130000.0,140000.0,150000.0,160000.0,130000.0,140000.0,150000.0,160000.0
P192-NE,After 10+2,160000.0,64000.0,80000.0,96000.0,112000.0,64000.0,88000.0,104000.0,120000.0,72000.0,96000.0,112000.0,128000.0,80000.0,104000.0,120000.0,136000.0,88000.0,112000.0,128000.0,144000.0
P133,After 10+2,160000.0,64000.0,80000.0,96000.0,112000.0,64000.0,88000.0,104000.0,120000.0,72000.0,96000.0,112000.0,128000.0,80000.0,104000.0,120000.0,136000.0,88000.0,112000.0,128000.0,144000.0
P138,After 10+2,140000.0,56000.0,70000.0,84000.0,98000.0,56000.0,77000.0,91000.0,105000.0,63000.0,84000.0,98000.0,112000.0,70000.0,91000.0,105000.0,119000.0,77000.0,98000.0,112000.0,126000.0
P138-Y,After 10+2,140000.0,56000.0,70000.0,84000.0,98000.0,56000.0,77000.0,91000.0,105000.0,63000.0,84000.0,98000.0,112000.0,70000.0,91000.0,105000.0,119000.0,77000.0,98000.0,112000.0,126000.0
P138-NN1,After 10+2,140000.0,56000.0,70000.0,84000.0,98000.0,56000.0,77000.0,91000.0,105000.0,63000.0,84000.0,98000.0,112000.0,70000.0,91000.0,105000.0,119000.0,77000.0,98000.0,112000.0,126000.0
P138-YN1,After 10+2,140000.0,56000.0,70000.0,84000.0,98000.0,56000.0,77000.0,91000.0,105000.0,63000.0,84000.0,98000.0,112000.0,70000.0,91000.0,105000.0,119000.0,77000.0,98000.0,112000.0,126000.0
P138-NNB,After 10+2,180000.0,72000.0,90000.0,108000.0,125999.99999999999,72000.0,99000.0,117000.0,135000.0,81000.0,108000.0,126000.0,144000.0,90000.0,117000.0,135000.0,153000.0,99000.0,126000.0,144000.0,162000.0
P13E,After 10+2,140000.0,56000.0,70000.0,84000.0,98000.0,56000.0,77000.0,91000.0,105000.0,63000.0,84000.0,98000.0,112000.0,70000.0,91000.0,105000.0,119000.0,77000.0,98000.0,112000.0,126000.0
P137,After 10+2,180000.0,72000.0,90000.0,108000.0,125999.99999999999,72000.0,99000.0,117000.0,135000.0,81000.0,108000.0,126000.0,144000.0,90000.0,117000.0,135000.0,153000.0,99000.0,126000.0,144000.0,162000.0
P137-Y,After 10+2,140000.0,56000.0,70000.0,84000.0,98000.0,56000.0,77000.0,91000.0,105000.0,63000.0,84000.0,98000.0,112000.0,70000.0,91000.0,105000.0,119000.0,77000.0,98000.0,112000.0,126000.0
P137-NN3,After 10+2,180000.0,72000.0,90000.0,108000.0,125999.99999999999,72000.0,99000.0,117000.0,135000.0,81000.0,108000.0,126000.0,144000.0,90000.0,117000.0,135000.0,153000.0,99000.0,126000.0,144000.0,162000.0
P136,After 10+2,140000.0,56000.0,70000.0,84000.0,98000.0,56000.0,77000.0,91000.0,105000.0,63000.0,84000.0,98000.0,112000.0,70000.0,91000.0,105000.0,119000.0,77000.0,98000.0,112000.0,126000.0
P13A,After 10+2,140000.0,56000.0,70000.0,84000.0,98000.0,56000.0,77000.0,91000.0,105000.0,63000.0,84000.0,98000.0,112000.0,70000.0,91000.0,105000.0,119000.0,77000.0,98000.0,112000.0,126000.0
P13AF,After 10+2,180000.0,72000.0,90000.0,108000.0,125999.99999999999,72000.0,99000.0,117000.0,135000.0,81000.0,108000.0,126000.0,144000.0,90000.0,117000.0,135000.0,153000.0,99000.0,126000.0,144000.0,162000.0
P131,After 10+2,140000.0,56000.0,70000.0,84000.0,98000.0,56000.0,77000.0,91000.0,105000.0,63000.0,84000.0,98000.0,112000.0,70000.0,91000.0,105000.0,119000.0,77000.0,98000.0,112000.0,126000.0
P131-Y,After 10+2,140000.0,56000.0,70000.0,84000.0,98000.0,56000.0,77000.0,91000.0,105000.0,63000.0,84000.0,98000.0,112000.0,70000.0,91000.0,105000.0,119000.0,77000.0,98000.0,112000.0,126000.0
P131-NN4,After 10+2,200000.0,150000.0,160000.0,170000.0,180000.0,150000.0,160000.0,170000.0,180000.0,150000.0,160000.0,170000.0,180000.0,150000.0,160000.0,170000.0,180000.0,150000.0,160000.0,170000.0,180000.0
P13Q,After 10+2,140000.0,56000.0,70000.0,84000.0,98000.0,56000.0,77000.0,91000.0,105000.0,63000.0,84000.0,98000.0,112000.0,70000.0,91000.0,105000.0,119000.0,77000.0,98000.0,112000.0,126000.0
P13O,After 10+2,140000.0,56000.0,70000.0,84000.0,98000.0,56000.0,77000.0,91000.0,105000.0,63000.0,84000.0,98000.0,112000.0,70000.0,91000.0,105000.0,119000.0,77000.0,98000.0,112000.0,126000.0
P139,After 10+2,140000.0,56000.0,70000.0,84000.0,98000.0,56000.0,77000.0,91000.0,105000.0,63000.0,84000.0,98000.0,112000.0,70000.0,91000.0,105000.0,119000.0,77000.0,98000.0,112000.0,126000.0
P139-Y,After 10+2,140000.0,56000.0,70000.0,84000.0,98000.0,56000.0,77000.0,91000.0,105000.0,63000.0,84000.0,98000.0,112000.0,70000.0,91000.0,105000.0,119000.0,77000.0,98000.0,112000.0,126000.0
P13C,After 10+2,140000.0,56000.0,70000.0,84000.0,98000.0,56000.0,77000.0,91000.0,105000.0,63000.0,84000.0,98000.0,112000.0,70000.0,91000.0,105000.0,119000.0,77000.0,98000.0,112000.0,126000.0
P124,After 10+2,80000.0,32000.0,40000.0,48000.0,56000.0,32000.0,44000.0,52000.0,60000.0,36000.0,48000.0,56000.0,64000.0,40000.0,52000.0,60000.0,68000.0,44000.0,56000.0,64000.0,72000.0
P124-NN9,After 10+2,120000.0,78000.0,84000.0,90000.0,96000.0,78000.0,84000.0,90000.0,96000.0,78000.0,84000.0,90000.0,96000.0,78000.0,84000.0,90000.0,96000.0,78000.0,84000.0,90000.0,96000.0
P124-NN8,After 10+2,80000.0,32000.0,40000.0,48000.0,56000.0,32000.0,44000.0,52000.0,60000.0,36000.0,48000.0,56000.0,64000.0,40000.0,52000.0,60000.0,68000.0,44000.0,56000.0,64000.0,72000.0
P124-NN7,After 10+2,120000.0,78000.0,84000.0,90000.0,96000.0,78000.0,84000.0,90000.0,96000.0,78000.0,84000.0,90000.0,96000.0,78000.0,84000.0,90000.0,96000.0,78000.0,84000.0,90000.0,96000.0
P124-NNA,After 10+2,100000.0,40000.0,50000.0,60000.0,70000.0,40000.0,55000.0,65000.0,75000.0,45000.0,60000.0,70000.0,80000.0,50000.0,65000.0,75000.0,85000.0,55000.0,70000.0,80000.0,90000.0
P124-NNC,After 10+2,100000.0,40000.0,50000.0,60000.0,70000.0,40000.0,55000.0,65000.0,75000.0,45000.0,60000.0,70000.0,80000.0,50000.0,65000.0,75000.0,85000.0,55000.0,70000.0,80000.0,90000.0
P22A-NN9,After 10+2,120000.0,78000.0,84000.0,90000.0,96000.0,78000.0,84000.0,90000.0,96000.0,78000.0,84000.0,90000.0,96000.0,78000.0,84000.0,90000.0,96000.0,78000.0,84000.0,90000.0,96000.0
P123,After 10+2,80000.0,32000.0,40000.0,48000.0,56000.0,32000.0,44000.0,52000.0,60000.0,36000.0,48000.0,56000.0,64000.0,40000.0,52000.0,60000.0,68000.0,44000.0,56000.0,64000.0,72000.0
P123-Y,After 10+2,80000.0,32000.0,40000.0,48000.0,56000.0,32000.0,44000.0,52000.0,60000.0,36000.0,48000.0,56000.0,64000.0,40000.0,52000.0,60000.0,68000.0,44000.0,56000.0,64000.0,72000.0
P24B-H,After 10+2,120000.0,48000.0,60000.0,72000.0,84000.0,48000.0,60000.0,72000.0,84000.0,53999.99999999999,66000.0,78000.0,90000.0,60000.0,72000.0,84000.0,96000.0,66000.0,78000.0,90000.0,102000.0
P244-HN3,After 10+2,80000.0,32000.0,40000.0,48000.0,56000.0,32000.0,40000.0,48000.0,56000.0,36000.0,44000.0,52000.0,60000.0,40000.0,48000.0,56000.0,64000.0,44000.0,52000.0,60000.0,68000.0
P224,After 10+2,80000.0,32000.0,40000.0,48000.0,56000.0,32000.0,40000.0,48000.0,56000.0,36000.0,44000.0,52000.0,60000.0,40000.0,48000.0,56000.0,64000.0,44000.0,52000.0,60000.0,68000.0
P245-HN1,After 10+2,80000.0,32000.0,40000.0,48000.0,56000.0,32000.0,40000.0,48000.0,56000.0,36000.0,44000.0,52000.0,60000.0,40000.0,48000.0,56000.0,64000.0,44000.0,52000.0,60000.0,68000.0
P240-HN3,After 10+2,80000.0,32000.0,40000.0,48000.0,56000.0,32000.0,40000.0,48000.0,56000.0,36000.0,44000.0,52000.0,60000.0,40000.0,48000.0,56000.0,64000.0,44000.0,52000.0,60000.0,68000.0
P220,After 10+2,80000.0,32000.0,40000.0,48000.0,56000.0,32000.0,40000.0,48000.0,56000.0,36000.0,44000.0,52000.0,60000.0,40000.0,48000.0,56000.0,64000.0,44000.0,52000.0,60000.0,68000.0
P243-HN3,After 10+2,80000.0,32000.0,40000.0,48000.0,56000.0,32000.0,40000.0,48000.0,56000.0,36000.0,44000.0,52000.0,60000.0,40000.0,48000.0,56000.0,64000.0,44000.0,52000.0,60000.0,68000.0
P223,After 10+2,80000.0,32000.0,40000.0,48000.0,56000.0,32000.0,40000.0,48000.0,56000.0,36000.0,44000.0,52000.0,60000.0,40000.0,48000.0,56000.0,64000.0,44000.0,52000.0,60000.0,68000.0
P24G-H,After 10+2,80000.0,32000.0,40000.0,48000.0,56000.0,32000.0,40000.0,48000.0,56000.0,36000.0,44000.0,52000.0,60000.0,40000.0,48000.0,56000.0,64000.0,44000.0,52000.0,60000.0,68000.0
P22G,After 10+2,80000.0,32000.0,40000.0,48000.0,56000.0,32000.0,40000.0,48000.0,56000.0,36000.0,44000.0,52000.0,60000.0,40000.0,48000.0,56000.0,64000.0,44000.0,52000.0,60000.0,68000.0
P24A-HNB,After 10+2,50000.0,20000.0,25000.0,30000.0,35000.0,20000.0,25000.0,30000.0,35000.0,22499.999999999996,27500.000000000004,32500.0,37500.0,25000.0,30000.0,35000.0,40000.0,27500.0,32500.0,37500.0,42500.0
P22A-NN5,After 10+2,50000.0,20000.0,25000.0,30000.0,35000.0,20000.0,25000.0,30000.0,35000.0,22499.999999999996,27500.000000000004,32500.0,37500.0,25000.0,30000.0,35000.0,40000.0,27500.0,32500.0,37500.0,42500.0
P24A-HNC,After 10+2,50000.0,20000.0,25000.0,30000.0,35000.0,20000.0,25000.0,30000.0,35000.0,22499.999999999996,27500.000000000004,32500.0,37500.0,25000.0,30000.0,35000.0,40000.0,27500.0,32500.0,37500.0,42500.0
P22A-NN7,After 10+2,50000.0,20000.0,25000.0,30000.0,35000.0,20000.0,25000.0,30000.0,35000.0,22499.999999999996,27500.000000000004,32500.0,37500.0,25000.0,30000.0,35000.0,40000.0,27500.0,32500.0,37500.0,42500.0
P24A-HND,After 10+2,50000.0,20000.0,25000.0,30000.0,35000.0,20000.0,25000.0,30000.0,35000.0,22499.999999999996,27500.000000000004,32500.0,37500.0,25000.0,30000.0,35000.0,40000.0,27500.0,32500.0,37500.0,42500.0
P22A-NN6,After 10+2,50000.0,20000.0,25000.0,30000.0,35000.0,20000.0,25000.0,30000.0,35000.0,22499.999999999996,27500.000000000004,32500.0,37500.0,25000.0,30000.0,35000.0,40000.0,27500.0,32500.0,37500.0,42500.0
P24A-HNE,After 10+2,50000.0,20000.0,25000.0,30000.0,35000.0,20000.0,25000.0,30000.0,35000.0,22499.999999999996,27500.000000000004,32500.0,37500.0,25000.0,30000.0,35000.0,40000.0,27500.0,32500.0,37500.0,42500.0
P22A-NN8,After 10+2,50000.0,20000.0,25000.0,30000.0,35000.0,20000.0,25000.0,30000.0,35000.0,22499.999999999996,27500.000000000004,32500.0,37500.0,25000.0,30000.0,35000.0,40000.0,27500.0,32500.0,37500.0,42500.0
P321,After 10+2,80000.0,32000.0,40000.0,48000.0,56000.0,32000.0,44000.0,52000.0,60000.0,36000.0,48000.0,56000.0,64000.0,40000.0,52000.0,60000.0,68000.0,44000.0,56000.0,64000.0,72000.0
P321-Y,After 10+2,80000.0,32000.0,40000.0,48000.0,56000.0,32000.0,44000.0,52000.0,60000.0,36000.0,48000.0,56000.0,64000.0,40000.0,52000.0,60000.0,68000.0,44000.0,56000.0,64000.0,72000.0
P340-HNAE,After 10+2,80000.0,32000.0,40000.0,48000.0,56000.0,32000.0,44000.0,52000.0,60000.0,36000.0,48000.0,56000.0,64000.0,40000.0,52000.0,60000.0,68000.0,44000.0,56000.0,64000.0,72000.0
P340-HNAH,After 10+2,350000.0,227500.0,245000.0,262500.0,280000.0,227500.0,245000.0,262500.0,280000.0,227500.0,245000.0,262500.0,280000.0,227500.0,245000.0,262500.0,280000.0,227500.0,245000.0,262500.0,280000.0
P390-NE,After 10+2,100000.0,40000.0,50000.0,60000.0,70000.0,40000.0,55000.0,65000.0,75000.0,45000.0,60000.0,70000.0,80000.0,50000.0,65000.0,75000.0,85000.0,55000.0,70000.0,80000.0,90000.0
P320-NN6,After 10+2,100000.0,40000.0,50000.0,60000.0,70000.0,40000.0,55000.0,65000.0,75000.0,45000.0,60000.0,70000.0,80000.0,50000.0,65000.0,75000.0,85000.0,55000.0,70000.0,80000.0,90000.0
P320-NNG,After 10+2,100000.0,40000.0,50000.0,60000.0,70000.0,40000.0,55000.0,65000.0,75000.0,45000.0,60000.0,70000.0,80000.0,50000.0,65000.0,75000.0,85000.0,55000.0,70000.0,80000.0,90000.0
P320-NNB,After 10+2,100000.0,40000.0,50000.0,60000.0,70000.0,40000.0,55000.0,65000.0,75000.0,45000.0,60000.0,70000.0,80000.0,50000.0,65000.0,75000.0,85000.0,55000.0,70000.0,80000.0,90000.0
P320-NNV,After 10+2,100000.0,40000.0,50000.0,60000.0,70000.0,40000.0,55000.0,65000.0,75000.0,45000.0,60000.0,70000.0,80000.0,50000.0,65000.0,75000.0,85000.0,55000.0,70000.0,80000.0,90000.0
P320-NNX,After 10+2,100000.0,40000.0,50000.0,60000.0,70000.0,40000.0,55000.0,65000.0,75000.0,45000.0,60000.0,70000.0,80000.0,50000.0,65000.0,75000.0,85000.0,55000.0,70000.0,80000.0,90000.0
P320-NNY,After 10+2,100000.0,40000.0,50000.0,60000.0,70000.0,40000.0,55000.0,65000.0,75000.0,45000.0,60000.0,70000.0,80000.0,50000.0,65000.0,75000.0,85000.0,55000.0,70000.0,80000.0,90000.0
P320-NNZ,After 10+2,100000.0,40000.0,50000.0,60000.0,70000.0,40000.0,55000.0,65000.0,75000.0,45000.0,60000.0,70000.0,80000.0,50000.0,65000.0,75000.0,85000.0,55000.0,70000.0,80000.0,90000.0
P320-NNAA,After 10+2,100000.0,40000.0,50000.0,60000.0,70000.0,40000.0,55000.0,65000.0,75000.0,45000.0,60000.0,70000.0,80000.0,50000.0,65000.0,75000.0,85000.0,55000.0,70000.0,80000.0,90000.0
P320-NNT,After 10+2,80000.0,32000.0,40000.0,48000.0,56000.0,32000.0,44000.0,52000.0,60000.0,36000.0,48000.0,56000.0,64000.0,40000.0,52000.0,60000.0,68000.0,44000.0,56000.0,64000.0,72000.0
P322,After 10+2,80000.0,32000.0,40000.0,48000.0,56000.0,32000.0,40000.0,48000.0,56000.0,36000.0,44000.0,52000.0,60000.0,40000.0,48000.0,56000.0,64000.0,44000.0,52000.0,60000.0,68000.0
P322-Y,After 10+2,80000.0,32000.0,40000.0,48000.0,56000.0,32000.0,40000.0,48000.0,56000.0,36000.0,44000.0,52000.0,60000.0,40000.0,48000.0,56000.0,64000.0,44000.0,52000.0,60000.0,68000.0
P342-HN9,After 10+2,80000.0,32000.0,40000.0,48000.0,56000.0,32000.0,40000.0,48000.0,56000.0,36000.0,44000.0,52000.0,60000.0,40000.0,48000.0,56000.0,64000.0,44000.0,52000.0,60000.0,68000.0
P322-NN2,After 10+2,100000.0,40000.0,50000.0,60000.0,70000.0,40000.0,50000.0,60000.0,70000.0,44999.99999999999,55000.00000000001,65000.0,75000.0,50000.0,60000.0,70000.0,80000.0,55000.0,65000.0,75000.0,85000.0
P322-NN6,After 10+2,100000.0,40000.0,50000.0,60000.0,70000.0,40000.0,50000.0,60000.0,70000.0,44999.99999999999,55000.00000000001,65000.0,75000.0,50000.0,60000.0,70000.0,80000.0,55000.0,65000.0,75000.0,85000.0
P322-NN7,After 10+2,100000.0,40000.0,50000.0,60000.0,70000.0,40000.0,50000.0,60000.0,70000.0,44999.99999999999,55000.00000000001,65000.0,75000.0,50000.0,60000.0,70000.0,80000.0,55000.0,65000.0,75000.0,85000.0
P322-NNA,After 10+2,100000.0,40000.0,50000.0,60000.0,70000.0,40000.0,50000.0,60000.0,70000.0,44999.99999999999,55000.00000000001,65000.0,75000.0,50000.0,60000.0,70000.0,80000.0,55000.0,65000.0,75000.0,85000.0
P323-NN1,After 10+2,80000.0,32000.0,40000.0,48000.0,56000.0,32000.0,40000.0,48000.0,56000.0,36000.0,44000.0,52000.0,60000.0,40000.0,48000.0,56000.0,64000.0,44000.0,52000.0,60000.0,68000.0
P343-HN2,After 10+2,80000.0,32000.0,40000.0,48000.0,56000.0,32000.0,40000.0,48000.0,56000.0,36000.0,44000.0,52000.0,60000.0,40000.0,48000.0,56000.0,64000.0,44000.0,52000.0,60000.0,68000.0
P490-HH,After 10+2,140000.0,56000.0,70000.0,84000.0,98000.0,56000.0,70000.0,84000.0,98000.0,62999.99999999999,77000.0,91000.0,105000.0,70000.0,84000.0,98000.0,112000.0,77000.0,91000.0,105000.0,119000.0
P391-HH,After 10+2,140000.0,56000.0,70000.0,84000.0,98000.0,56000.0,70000.0,84000.0,98000.0,62999.99999999999,77000.0,91000.0,105000.0,70000.0,84000.0,98000.0,112000.0,77000.0,91000.0,105000.0,119000.0
P325,After 10+2,80000.0,32000.0,40000.0,48000.0,56000.0,32000.0,40000.0,48000.0,56000.0,36000.0,44000.0,52000.0,60000.0,40000.0,48000.0,56000.0,64000.0,44000.0,52000.0,60000.0,68000.0
P320-NNAG,After 10+2,80000.0,32000.0,40000.0,48000.0,56000.0,32000.0,40000.0,48000.0,56000.0,36000.0,44000.0,52000.0,60000.0,40000.0,48000.0,56000.0,64000.0,44000.0,52000.0,60000.0,68000.0
P320-NNM,After 10+2,80000.0,32000.0,40000.0,48000.0,56000.0,32000.0,40000.0,48000.0,56000.0,36000.0,44000.0,52000.0,60000.0,40000.0,48000.0,56000.0,64000.0,44000.0,52000.0,60000.0,68000.0
P324-NN8,After 10+2,80000.0,32000.0,40000.0,48000.0,56000.0,32000.0,40000.0,48000.0,56000.0,36000.0,44000.0,52000.0,60000.0,40000.0,48000.0,56000.0,64000.0,44000.0,52000.0,60000.0,68000.0
P344,After 10+2,80000.0,32000.0,40000.0,48000.0,56000.0,32000.0,40000.0,48000.0,56000.0,36000.0,44000.0,52000.0,60000.0,40000.0,48000.0,56000.0,64000.0,44000.0,52000.0,60000.0,68000.0
P344-Y,After 10+2,80000.0,32000.0,40000.0,48000.0,56000.0,32000.0,40000.0,48000.0,56000.0,36000.0,44000.0,52000.0,60000.0,40000.0,48000.0,56000.0,64000.0,44000.0,52000.0,60000.0,68000.0
P324-NN6,After 10+2,100000.0,40000.0,50000.0,60000.0,70000.0,40000.0,50000.0,60000.0,70000.0,44999.99999999999,55000.00000000001,65000.0,75000.0,50000.0,60000.0,70000.0,80000.0,55000.0,65000.0,75000.0,85000.0
P741,After 10+2,120000.0,48000.0,60000.0,72000.0,84000.0,48000.0,60000.0,72000.0,84000.0,53999.99999999999,66000.0,78000.0,90000.0,60000.0,72000.0,84000.0,96000.0,66000.0,78000.0,90000.0,102000.0
P793-ND2,After 10+2,80000.0,32000.0,40000.0,48000.0,56000.0,32000.0,40000.0,48000.0,56000.0,36000.0,44000.0,52000.0,60000.0,40000.0,48000.0,56000.0,64000.0,44000.0,52000.0,60000.0,68000.0
P722-NNJ,After 10+2,140000.0,56000.0,70000.0,84000.0,98000.0,56000.0,70000.0,84000.0,98000.0,62999.99999999999,77000.0,91000.0,105000.0,70000.0,84000.0,98000.0,112000.0,77000.0,91000.0,105000.0,119000.0
P742-NN1,After 10+2,140000.0,56000.0,70000.0,84000.0,98000.0,56000.0,70000.0,84000.0,98000.0,62999.99999999999,77000.0,91000.0,105000.0,70000.0,84000.0,98000.0,112000.0,77000.0,91000.0,105000.0,119000.0
P742-NN2,After 10+2,140000.0,56000.0,70000.0,84000.0,98000.0,56000.0,70000.0,84000.0,98000.0,62999.99999999999,77000.0,91000.0,105000.0,70000.0,84000.0,98000.0,112000.0,77000.0,91000.0,105000.0,119000.0
P742-NNM,After 10+2,140000.0,56000.0,70000.0,84000.0,98000.0,56000.0,70000.0,84000.0,98000.0,62999.99999999999,77000.0,91000.0,105000.0,70000.0,84000.0,98000.0,112000.0,77000.0,91000.0,105000.0,119000.0
P722-NNF,After 10+2,140000.0,56000.0,70000.0,84000.0,98000.0,56000.0,70000.0,84000.0,98000.0,62999.99999999999,77000.0,91000.0,105000.0,70000.0,84000.0,98000.0,112000.0,77000.0,91000.0,105000.0,119000.0
P742-NN3,After 10+2,140000.0,56000.0,70000.0,84000.0,98000.0,56000.0,70000.0,84000.0,98000.0,62999.99999999999,77000.0,91000.0,105000.0,70000.0,84000.0,98000.0,112000.0,77000.0,91000.0,105000.0,119000.0
P742-YN3,After 10+2,140000.0,56000.0,70000.0,84000.0,98000.0,56000.0,70000.0,84000.0,98000.0,62999.99999999999,77000.0,91000.0,105000.0,70000.0,84000.0,98000.0,112000.0,77000.0,91000.0,105000.0,119000.0
P722-NNL,After 10+2,140000.0,56000.0,70000.0,84000.0,98000.0,56000.0,70000.0,84000.0,98000.0,62999.99999999999,77000.0,91000.0,105000.0,70000.0,84000.0,98000.0,112000.0,77000.0,91000.0,105000.0,119000.0
P742-NNL,After 10+2,140000.0,56000.0,70000.0,84000.0,98000.0,56000.0,70000.0,84000.0,98000.0,62999.99999999999,77000.0,91000.0,105000.0,70000.0,84000.0,98000.0,112000.0,77000.0,91000.0,105000.0,119000.0
P722-NNG,After 10+2,140000.0,56000.0,70000.0,84000.0,98000.0,56000.0,70000.0,84000.0,98000.0,62999.99999999999,77000.0,91000.0,105000.0,70000.0,84000.0,98000.0,112000.0,77000.0,91000.0,105000.0,119000.0
P742-NN8,After 10+2,140000.0,56000.0,70000.0,84000.0,98000.0,56000.0,70000.0,84000.0,98000.0,62999.99999999999,77000.0,91000.0,105000.0,70000.0,84000.0,98000.0,112000.0,77000.0,91000.0,105000.0,119000.0
P722-NNH,After 10+2,140000.0,56000.0,70000.0,84000.0,98000.0,56000.0,70000.0,84000.0,98000.0,62999.99999999999,77000.0,91000.0,105000.0,70000.0,84000.0,98000.0,112000.0,77000.0,91000.0,105000.0,119000.0
P742-NN5,After 10+2,140000.0,56000.0,70000.0,84000.0,98000.0,56000.0,70000.0,84000.0,98000.0,62999.99999999999,77000.0,91000.0,105000.0,70000.0,84000.0,98000.0,112000.0,77000.0,91000.0,105000.0,119000.0
P421,After 10+2,50000.0,20000.0,25000.0,30000.0,35000.0,20000.0,25000.0,30000.0,35000.0,22499.999999999996,27500.000000000004,32500.0,37500.0,25000.0,30000.0,35000.0,40000.0,27500.0,32500.0,37500.0,42500.0
P441,After 10+2,50000.0,20000.0,25000.0,30000.0,35000.0,20000.0,25000.0,30000.0,35000.0,22499.999999999996,27500.000000000004,32500.0,37500.0,25000.0,30000.0,35000.0,40000.0,27500.0,32500.0,37500.0,42500.0
P724,After 10+2,80000.0,32000.0,40000.0,48000.0,56000.0,32000.0,40000.0,48000.0,56000.0,36000.0,44000.0,52000.0,60000.0,40000.0,48000.0,56000.0,64000.0,44000.0,52000.0,60000.0,68000.0
P727,After 10+2,80000.0,32000.0,40000.0,48000.0,56000.0,32000.0,40000.0,48000.0,56000.0,36000.0,44000.0,52000.0,60000.0,40000.0,48000.0,56000.0,64000.0,44000.0,52000.0,60000.0,68000.0
P742-NN6,After 10+2,80000.0,32000.0,40000.0,48000.0,56000.0,32000.0,40000.0,48000.0,56000.0,36000.0,44000.0,52000.0,60000.0,40000.0,48000.0,56000.0,64000.0,44000.0,52000.0,60000.0,68000.0
P41B,After 10+2,10000.0,10000.0,,,,10000.0,,,,10000.0,,,,10000.0,,,,10000.0,,,
P422-NN5,After 10+2,50000.0,20000.0,25000.0,30000.0,35000.0,20000.0,25000.0,30000.0,35000.0,22499.999999999996,27500.000000000004,32500.0,37500.0,25000.0,30000.0,35000.0,40000.0,27500.0,32500.0,37500.0,42500.0
P422-NN7,After 10+2,50000.0,20000.0,25000.0,30000.0,35000.0,20000.0,25000.0,30000.0,35000.0,22499.999999999996,27500.000000000004,32500.0,37500.0,25000.0,30000.0,35000.0,40000.0,27500.0,32500.0,37500.0,42500.0
P442-NN5,After 10+2,50000.0,20000.0,25000.0,30000.0,35000.0,20000.0,25000.0,30000.0,35000.0,22499.999999999996,27500.000000000004,32500.0,37500.0,25000.0,30000.0,35000.0,40000.0,27500.0,32500.0,37500.0,42500.0
P442-NN7,After 10+2,50000.0,20000.0,25000.0,30000.0,35000.0,20000.0,25000.0,30000.0,35000.0,22499.999999999996,27500.000000000004,32500.0,37500.0,25000.0,30000.0,35000.0,40000.0,27500.0,32500.0,37500.0,42500.0
P44G-HN2,After 10+2,160000.0,104000.0,112000.0,120000.0,128000.0,104000.0,112000.0,120000.0,128000.0,104000.0,112000.0,120000.0,128000.0,104000.0,112000.0,120000.0,128000.0,104000.0,112000.0,120000.0,128000.0
P44A-NN3,After 10+2,80000.0,40000.0,48000.0,56000.0,64000.0,40000.0,48000.0,56000.0,64000.0,44000.0,52000.0,60000.0,68000.0,48000.0,56000.0,64000.0,72000.0,52000.0,60000.0,68000.0,72000.0
P420,After 10+2,50000.0,20000.0,25000.0,30000.0,35000.0,20000.0,25000.0,30000.0,35000.0,22499.999999999996,27500.000000000004,32500.0,37500.0,25000.0,30000.0,35000.0,40000.0,27500.0,32500.0,37500.0,42500.0
P440-HN4,After 10+2,50000.0,20000.0,25000.0,30000.0,35000.0,20000.0,25000.0,30000.0,35000.0,22499.999999999996,27500.000000000004,32500.0,37500.0,25000.0,30000.0,35000.0,40000.0,27500.0,32500.0,37500.0,42500.0
P420-NN7,After 10+2,50000.0,25000.0,30000.0,35000.0,40000.0,25000.0,30000.0,35000.0,40000.0,27500.0,32500.0,37500.0,42500.0,30000.0,35000.0,40000.0,45000.0,32500.0,37500.0,42500.0,45000.0
P42K,After 10+2,50000.0,20000.0,25000.0,30000.0,35000.0,20000.0,25000.0,30000.0,35000.0,22499.999999999996,27500.000000000004,32500.0,37500.0,25000.0,30000.0,35000.0,40000.0,27500.0,32500.0,37500.0,42500.0
P44K-H,After 10+2,50000.0,20000.0,25000.0,30000.0,35000.0,20000.0,25000.0,30000.0,35000.0,22499.999999999996,27500.000000000004,32500.0,37500.0,25000.0,30000.0,35000.0,40000.0,27500.0,32500.0,37500.0,42500.0
P42I,After 10+2,80000.0,52000.0,56000.0,60000.0,64000.0,52000.0,56000.0,60000.0,64000.0,52000.0,56000.0,60000.0,64000.0,52000.0,56000.0,60000.0,64000.0,52000.0,56000.0,60000.0,64000.0
P622,After 10+2,50000.0,20000.0,25000.0,30000.0,35000.0,20000.0,25000.0,30000.0,35000.0,22499.999999999996,27500.000000000004,32500.0,37500.0,25000.0,30000.0,35000.0,40000.0,27500.0,32500.0,37500.0,42500.0
P625,After 10+2,50000.0,20000.0,25000.0,30000.0,35000.0,20000.0,25000.0,30000.0,35000.0,22499.999999999996,27500.000000000004,32500.0,37500.0,25000.0,30000.0,35000.0,40000.0,27500.0,32500.0,37500.0,42500.0
P49M-NK2,After 10+2,30000.0,30000.0,,,,30000.0,,,,30000.0,,,,30000.0,,,,30000.0,,,
P490-NK5,After 10+2,30000.0,30000.0,,,,30000.0,,,,30000.0,,,,30000.0,,,,30000.0,,,
P29A-NKF,After 10+2,30000.0,30000.0,,,,30000.0,,,,30000.0,,,,30000.0,,,,30000.0,,,
P540-NNN-D,After 10+2,120000.0,60000.0,72000.0,84000.0,96000.0,60000.0,72000.0,84000.0,96000.0,66000.0,78000.0,90000.0,102000.0,90000.0,96000.0,102000.0,108000.0,90000.0,96000.0,102000.0,108000.0
P5K0-NNKA,After 10+2,160000.0,104000.0,112000.0,120000.0,128000.0,104000.0,112000.0,120000.0,128000.0,104000.0,112000.0,120000.0,128000.0,104000.0,112000.0,120000.0,128000.0,104000.0,112000.0,120000.0,128000.0
P542-NNCA,After 10+2,100000.0,50000.0,60000.0,70000.0,80000.0,50000.0,60000.0,70000.0,80000.0,55000.0,65000.0,75000.0,85000.0,75000.0,80000.0,85000.0,90000.0,75000.0,80000.0,85000.0,90000.0
P541-NNJ,After 10+2,80000.0,40000.0,48000.0,56000.0,64000.0,40000.0,48000.0,56000.0,64000.0,44000.0,52000.0,60000.0,68000.0,48000.0,56000.0,64000.0,72000.0,52000.0,60000.0,68000.0,72000.0
P541-NNK,After 10+2,100000.0,65000.0,70000.0,75000.0,80000.0,65000.0,70000.0,75000.0,80000.0,65000.0,70000.0,75000.0,80000.0,65000.0,70000.0,75000.0,80000.0,65000.0,70000.0,75000.0,80000.0
P541-NND,After 10+2,80000.0,40000.0,48000.0,56000.0,64000.0,40000.0,48000.0,56000.0,64000.0,44000.0,52000.0,60000.0,68000.0,48000.0,56000.0,64000.0,72000.0,52000.0,60000.0,68000.0,72000.0
P541-NNH,After 10+2,100000.0,75000.0,80000.0,85000.0,90000.0,75000.0,80000.0,85000.0,90000.0,75000.0,80000.0,85000.0,90000.0,75000.0,80000.0,85000.0,90000.0,75000.0,80000.0,85000.0,90000.0
P541-NNE,After 10+2,100000.0,75000.0,80000.0,85000.0,90000.0,75000.0,80000.0,85000.0,90000.0,75000.0,80000.0,85000.0,90000.0,75000.0,80000.0,85000.0,90000.0,75000.0,80000.0,85000.0,90000.0
P548,After 10+2,120000.0,60000.0,72000.0,84000.0,96000.0,60000.0,72000.0,84000.0,96000.0,66000.0,78000.0,90000.0,102000.0,72000.0,84000.0,96000.0,108000.0,78000.0,90000.0,102000.0,108000.0
P105-L,Lateral Entry,30000.0,30000.0,,,,30000.0,,,,30000.0,,,,30000.0,,,,30000.0,,,
P102-L,Lateral Entry,30000.0,30000.0,,,,30000.0,,,,30000.0,,,,30000.0,,,,30000.0,,,
P102-LNP,Lateral Entry,30000.0,30000.0,,,,30000.0,,,,30000.0,,,,30000.0,,,,30000.0,,,
P108-L,Lateral Entry,30000.0,30000.0,,,,30000.0,,,,30000.0,,,,30000.0,,,,30000.0,,,
P107-L,Lateral Entry,30000.0,30000.0,,,,30000.0,,,,30000.0,,,,30000.0,,,,30000.0,,,
P135-L,Lateral Entry,140000.0,56000.0,70000.0,84000.0,98000.0,56000.0,77000.0,91000.0,105000.0,63000.0,84000.0,98000.0,112000.0,70000.0,91000.0,105000.0,119000.0,77000.0,98000.0,112000.0,126000.0
P132-L,Lateral Entry,160000.0,64000.0,80000.0,96000.0,112000.0,64000.0,88000.0,104000.0,120000.0,72000.0,96000.0,112000.0,128000.0,80000.0,104000.0,120000.0,136000.0,88000.0,112000.0,128000.0,144000.0
P132-LNP,Lateral Entry,200000.0,80000.0,100000.0,120000.0,140000.0,80000.0,110000.0,130000.0,150000.0,90000.0,120000.0,140000.0,160000.0,100000.0,130000.0,150000.0,170000.0,110000.0,140000.0,160000.0,180000.0
P133-L,Lateral Entry,160000.0,64000.0,80000.0,96000.0,112000.0,64000.0,88000.0,104000.0,120000.0,72000.0,96000.0,112000.0,128000.0,80000.0,104000.0,120000.0,136000.0,88000.0,112000.0,128000.0,144000.0
P138-L,Lateral Entry,140000.0,56000.0,70000.0,84000.0,98000.0,56000.0,77000.0,91000.0,105000.0,63000.0,84000.0,98000.0,112000.0,70000.0,91000.0,105000.0,119000.0,77000.0,98000.0,112000.0,126000.0
P138-LN1,Lateral Entry,140000.0,56000.0,70000.0,84000.0,98000.0,56000.0,77000.0,91000.0,105000.0,63000.0,84000.0,98000.0,112000.0,70000.0,91000.0,105000.0,119000.0,77000.0,98000.0,112000.0,126000.0
P137-L,Lateral Entry,140000.0,56000.0,70000.0,84000.0,98000.0,56000.0,77000.0,91000.0,105000.0,63000.0,84000.0,98000.0,112000.0,70000.0,91000.0,105000.0,119000.0,77000.0,98000.0,112000.0,126000.0
P137-LN1,Lateral Entry,140000.0,50006.0,,,,50006.0,,,,50006.0,,,,50006.0,,,,50006.0,,,
P136-L,Lateral Entry,140000.0,56000.0,70000.0,84000.0,98000.0,56000.0,77000.0,91000.0,105000.0,63000.0,84000.0,98000.0,112000.0,70000.0,91000.0,105000.0,119000.0,77000.0,98000.0,112000.0,126000.0
P13A-L,Lateral Entry,140000.0,56000.0,70000.0,84000.0,98000.0,56000.0,77000.0,91000.0,105000.0,63000.0,84000.0,98000.0,112000.0,70000.0,91000.0,105000.0,119000.0,77000.0,98000.0,112000.0,126000.0
P13AF-L,Lateral Entry,180000.0,72000.0,90000.0,108000.0,125999.99999999999,72000.0,99000.0,117000.0,135000.0,81000.0,108000.0,126000.0,144000.0,90000.0,117000.0,135000.0,153000.0,99000.0,126000.0,144000.0,162000.0
P131-L,Lateral Entry,140000.0,56000.0,70000.0,84000.0,98000.0,56000.0,77000.0,91000.0,105000.0,63000.0,84000.0,98000.0,112000.0,70000.0,91000.0,105000.0,119000.0,77000.0,98000.0,112000.0,126000.0
P13Q-L,Lateral Entry,140000.0,56000.0,70000.0,84000.0,98000.0,56000.0,77000.0,91000.0,105000.0,63000.0,84000.0,98000.0,112000.0,70000.0,91000.0,105000.0,119000.0,77000.0,98000.0,112000.0,126000.0
P139-L,Lateral Entry,140000.0,56000.0,70000.0,84000.0,98000.0,56000.0,77000.0,91000.0,105000.0,63000.0,84000.0,98000.0,112000.0,70000.0,91000.0,105000.0,119000.0,77000.0,98000.0,112000.0,126000.0
P13E-L,Lateral Entry,140000.0,56000.0,70000.0,84000.0,98000.0,56000.0,77000.0,91000.0,105000.0,63000.0,84000.0,98000.0,112000.0,70000.0,91000.0,105000.0,119000.0,77000.0,98000.0,112000.0,126000.0
P13C-L,Lateral Entry,140000.0,56000.0,70000.0,84000.0,98000.0,56000.0,77000.0,91000.0,105000.0,63000.0,84000.0,98000.0,112000.0,70000.0,91000.0,105000.0,119000.0,77000.0,98000.0,112000.0,126000.0
P13O-L,Lateral Entry,140000.0,56000.0,70000.0,84000.0,98000.0,56000.0,77000.0,91000.0,105000.0,63000.0,84000.0,98000.0,112000.0,70000.0,91000.0,105000.0,119000.0,77000.0,98000.0,112000.0,126000.0
P124-L,Lateral Entry,80000.0,32000.0,40000.0,48000.0,56000.0,32000.0,44000.0,52000.0,60000.0,36000.0,48000.0,56000.0,64000.0,40000.0,52000.0,60000.0,68000.0,44000.0,56000.0,64000.0,72000.0
P123-L,Lateral Entry,80000.0,32000.0,40000.0,48000.0,56000.0,32000.0,44000.0,52000.0,60000.0,36000.0,48000.0,56000.0,64000.0,40000.0,52000.0,60000.0,68000.0,44000.0,56000.0,64000.0,72000.0
P321-L,Lateral Entry,80000.0,32000.0,40000.0,48000.0,56000.0,32000.0,44000.0,52000.0,60000.0,36000.0,48000.0,56000.0,64000.0,40000.0,52000.0,60000.0,68000.0,44000.0,56000.0,64000.0,72000.0
P322-L,Lateral Entry,80000.0,32000.0,40000.0,48000.0,56000.0,32000.0,40000.0,48000.0,56000.0,36000.0,44000.0,52000.0,60000.0,40000.0,48000.0,56000.0,64000.0,44000.0,52000.0,60000.0,68000.0
P324-LN8,Lateral Entry,80000.0,32000.0,40000.0,48000.0,56000.0,32000.0,40000.0,48000.0,56000.0,36000.0,44000.0,52000.0,60000.0,40000.0,48000.0,56000.0,64000.0,44000.0,52000.0,60000.0,68000.0
P344-L,Lateral Entry,80000.0,32000.0,40000.0,48000.0,56000.0,32000.0,40000.0,48000.0,56000.0,36000.0,44000.0,52000.0,60000.0,40000.0,48000.0,56000.0,64000.0,44000.0,52000.0,60000.0,68000.0
P325-L,Lateral Entry,80000.0,32000.0,40000.0,48000.0,56000.0,32000.0,40000.0,48000.0,56000.0,36000.0,44000.0,52000.0,60000.0,40000.0,48000.0,56000.0,64000.0,44000.0,52000.0,60000.0,68000.0
P722-LNJ,Lateral Entry,140000.0,56000.0,70000.0,84000.0,98000.0,56000.0,70000.0,84000.0,98000.0,62999.99999999999,77000.0,91000.0,105000.0,70000.0,84000.0,98000.0,112000.0,77000.0,91000.0,105000.0,119000.0
P742-LN1,Lateral Entry,140000.0,56000.0,70000.0,84000.0,98000.0,56000.0,70000.0,84000.0,98000.0,62999.99999999999,77000.0,91000.0,105000.0,70000.0,84000.0,98000.0,112000.0,77000.0,91000.0,105000.0,119000.0
P742-LN2,Lateral Entry,140000.0,56000.0,70000.0,84000.0,98000.0,56000.0,70000.0,84000.0,98000.0,62999.99999999999,77000.0,91000.0,105000.0,70000.0,84000.0,98000.0,112000.0,77000.0,91000.0,105000.0,119000.0
P742-LNM,Lateral Entry,140000.0,56000.0,70000.0,84000.0,98000.0,56000.0,70000.0,84000.0,98000.0,62999.99999999999,77000.0,91000.0,105000.0,70000.0,84000.0,98000.0,112000.0,77000.0,91000.0,105000.0,119000.0
P722-LNF,Lateral Entry,140000.0,56000.0,70000.0,84000.0,98000.0,56000.0,70000.0,84000.0,98000.0,62999.99999999999,77000.0,91000.0,105000.0,70000.0,84000.0,98000.0,112000.0,77000.0,91000.0,105000.0,119000.0
P742-LN3,Lateral Entry,140000.0,56000.0,70000.0,84000.0,98000.0,56000.0,70000.0,84000.0,98000.0,62999.99999999999,77000.0,91000.0,105000.0,70000.0,84000.0,98000.0,112000.0,77000.0,91000.0,105000.0,119000.0
P540-LNN-D,Lateral Entry,120000.0,60000.0,72000.0,84000.0,96000.0,60000.0,72000.0,84000.0,96000.0,66000.0,78000.0,90000.0,102000.0,90000.0,96000.0,102000.0,108000.0,90000.0,96000.0,102000.0,108000.0
P542-L,Lateral Entry,100000.0,50000.0,60000.0,70000.0,80000.0,50000.0,60000.0,70000.0,80000.0,55000.0,65000.0,75000.0,85000.0,75000.0,80000.0,85000.0,90000.0,75000.0,80000.0,85000.0,90000.0
P521-L,Lateral Entry,80000.0,40000.0,48000.0,56000.0,64000.0,40000.0,48000.0,56000.0,64000.0,44000.0,52000.0,60000.0,68000.0,48000.0,56000.0,64000.0,72000.0,52000.0,60000.0,68000.0,72000.0
P521-LN5,Lateral Entry,80000.0,40000.0,48000.0,56000.0,64000.0,40000.0,48000.0,56000.0,64000.0,44000.0,52000.0,60000.0,68000.0,48000.0,56000.0,64000.0,72000.0,52000.0,60000.0,68000.0,72000.0
P521-LN6,Lateral Entry,100000.0,65000.0,70000.0,75000.0,80000.0,65000.0,70000.0,75000.0,80000.0,65000.0,70000.0,75000.0,80000.0,65000.0,70000.0,75000.0,80000.0,65000.0,70000.0,75000.0,80000.0
P521-LNC,Lateral Entry,100000.0,75000.0,80000.0,85000.0,90000.0,75000.0,80000.0,85000.0,90000.0,75000.0,80000.0,85000.0,90000.0,75000.0,80000.0,85000.0,90000.0,75000.0,80000.0,85000.0,90000.0
P521-LN7,Lateral Entry,100000.0,75000.0,80000.0,85000.0,90000.0,75000.0,80000.0,85000.0,90000.0,75000.0,80000.0,85000.0,90000.0,75000.0,80000.0,85000.0,90000.0,75000.0,80000.0,85000.0,90000.0
P371-NNAF,After Graduation,220000.0,88000.0,110000.0,132000.0,154000.0,88000.0,121000.0,143000.0,165000.0,99000.0,132000.0,154000.0,176000.0,110000.0,143000.0,165000.0,187000.0,121000.0,154000.0,176000.0,198000.0
P371-YNAF,After Graduation,220000.0,88000.0,110000.0,132000.0,154000.0,88000.0,121000.0,143000.0,165000.0,99000.0,132000.0,154000.0,176000.0,110000.0,143000.0,165000.0,187000.0,121000.0,154000.0,176000.0,198000.0
P370-NN2F,After Graduation,220000.0,88000.0,110000.0,132000.0,154000.0,88000.0,121000.0,143000.0,165000.0,99000.0,132000.0,154000.0,176000.0,110000.0,143000.0,165000.0,187000.0,121000.0,154000.0,176000.0,198000.0
P370-NN3F,After Graduation,220000.0,88000.0,110000.0,132000.0,154000.0,88000.0,121000.0,143000.0,165000.0,99000.0,132000.0,154000.0,176000.0,110000.0,143000.0,165000.0,187000.0,121000.0,154000.0,176000.0,198000.0
P370-NNAF,After Graduation,220000.0,88000.0,110000.0,132000.0,154000.0,88000.0,121000.0,143000.0,165000.0,99000.0,132000.0,154000.0,176000.0,110000.0,143000.0,165000.0,187000.0,121000.0,154000.0,176000.0,198000.0
P370-NNBF,After Graduation,270000.0,108000.0,135000.0,162000.0,189000.0,108000.0,148500.0,175500.0,202500.0,121500.0,162000.0,189000.0,216000.0,135000.0,175500.0,202500.0,229500.0,148500.0,189000.0,216000.0,243000.0
P370-NN7F,After Graduation,270000.0,108000.0,135000.0,162000.0,189000.0,108000.0,148500.0,175500.0,202500.0,121500.0,162000.0,189000.0,216000.0,135000.0,175500.0,202500.0,229500.0,148500.0,189000.0,216000.0,243000.0
P370-NN6F,After Graduation,270000.0,108000.0,135000.0,162000.0,189000.0,108000.0,148500.0,175500.0,202500.0,121500.0,162000.0,189000.0,216000.0,135000.0,175500.0,202500.0,229500.0,148500.0,189000.0,216000.0,243000.0
P370-NNAB,After Graduation,270000.0,108000.0,135000.0,162000.0,189000.0,108000.0,148500.0,175500.0,202500.0,121500.0,162000.0,189000.0,216000.0,135000.0,175500.0,202500.0,229500.0,148500.0,189000.0,216000.0,243000.0
P370-NNZ,After Graduation,270000.0,108000.0,135000.0,162000.0,189000.0,108000.0,148500.0,175500.0,202500.0,121500.0,162000.0,189000.0,216000.0,135000.0,175500.0,202500.0,229500.0,148500.0,189000.0,216000.0,243000.0
P362,After Graduation,50000.0,20000.0,25000.0,30000.0,35000.0,20000.0,25000.0,30000.0,35000.0,22499.999999999996,27500.000000000004,32500.0,37500.0,25000.0,30000.0,35000.0,40000.0,27500.0,32500.0,37500.0,42500.0
P363,After Graduation,50000.0,20000.0,25000.0,30000.0,35000.0,20000.0,25000.0,30000.0,35000.0,22499.999999999996,27500.000000000004,32500.0,37500.0,25000.0,30000.0,35000.0,40000.0,27500.0,32500.0,37500.0,42500.0
P363-NN-1,After Graduation,50000.0,20000.0,25000.0,30000.0,35000.0,20000.0,25000.0,30000.0,35000.0,22499.999999999996,27500.000000000004,32500.0,37500.0,25000.0,30000.0,35000.0,40000.0,27500.0,32500.0,37500.0,42500.0
P4AE,After Graduation,80000.0,32000.0,40000.0,48000.0,56000.0,32000.0,40000.0,48000.0,56000.0,36000.0,44000.0,52000.0,60000.0,40000.0,48000.0,56000.0,64000.0,44000.0,52000.0,60000.0,68000.0
P4BE-NN1,After Graduation,80000.0,32000.0,40000.0,48000.0,56000.0,32000.0,40000.0,48000.0,56000.0,36000.0,44000.0,52000.0,60000.0,40000.0,48000.0,56000.0,64000.0,44000.0,52000.0,60000.0,68000.0
P375-NN3,After Graduation,140000.0,56000.0,70000.0,84000.0,98000.0,56000.0,77000.0,91000.0,105000.0,63000.0,84000.0,98000.0,112000.0,70000.0,91000.0,105000.0,119000.0,77000.0,98000.0,112000.0,126000.0
P762-NNJ,After Graduation,80000.0,32000.0,40000.0,48000.0,56000.0,32000.0,40000.0,48000.0,56000.0,36000.0,44000.0,52000.0,60000.0,40000.0,48000.0,56000.0,64000.0,44000.0,52000.0,60000.0,68000.0
P772-NN1,After Graduation,80000.0,32000.0,40000.0,48000.0,56000.0,32000.0,40000.0,48000.0,56000.0,36000.0,44000.0,52000.0,60000.0,40000.0,48000.0,56000.0,64000.0,44000.0,52000.0,60000.0,68000.0
P762-NNM,After Graduation,80000.0,32000.0,40000.0,48000.0,56000.0,32000.0,40000.0,48000.0,56000.0,36000.0,44000.0,52000.0,60000.0,40000.0,48000.0,56000.0,64000.0,44000.0,52000.0,60000.0,68000.0
P762-NNF,After Graduation,80000.0,32000.0,40000.0,48000.0,56000.0,32000.0,40000.0,48000.0,56000.0,36000.0,44000.0,52000.0,60000.0,40000.0,48000.0,56000.0,64000.0,44000.0,52000.0,60000.0,68000.0
P762-NNP,After Graduation,80000.0,32000.0,40000.0,48000.0,56000.0,32000.0,40000.0,48000.0,56000.0,36000.0,44000.0,52000.0,60000.0,40000.0,48000.0,56000.0,64000.0,44000.0,52000.0,60000.0,68000.0
P762-NNL,After Graduation,80000.0,32000.0,40000.0,48000.0,56000.0,32000.0,40000.0,48000.0,56000.0,36000.0,44000.0,52000.0,60000.0,40000.0,48000.0,56000.0,64000.0,44000.0,52000.0,60000.0,68000.0
P471,After Graduation,50000.0,20000.0,25000.0,30000.0,35000.0,20000.0,25000.0,30000.0,35000.0,22499.999999999996,27500.000000000004,32500.0,37500.0,25000.0,30000.0,35000.0,40000.0,27500.0,32500.0,37500.0,42500.0
P764,After Graduation,80000.0,32000.0,40000.0,48000.0,56000.0,32000.0,40000.0,48000.0,56000.0,36000.0,44000.0,52000.0,60000.0,40000.0,48000.0,56000.0,64000.0,44000.0,52000.0,60000.0,68000.0
P767,After Graduation,80000.0,32000.0,40000.0,48000.0,56000.0,32000.0,40000.0,48000.0,56000.0,36000.0,44000.0,52000.0,60000.0,40000.0,48000.0,56000.0,64000.0,44000.0,52000.0,60000.0,68000.0
P472,After Graduation,50000.0,20000.0,25000.0,30000.0,35000.0,20000.0,25000.0,30000.0,35000.0,22499.999999999996,27500.000000000004,32500.0,37500.0,25000.0,30000.0,35000.0,40000.0,27500.0,32500.0,37500.0,42500.0
P466,After Graduation,50000.0,20000.0,25000.0,30000.0,35000.0,20000.0,25000.0,30000.0,35000.0,22499.999999999996,27500.000000000004,32500.0,37500.0,25000.0,30000.0,35000.0,40000.0,27500.0,32500.0,37500.0,42500.0
P46A,After Graduation,50000.0,20000.0,25000.0,30000.0,35000.0,20000.0,25000.0,30000.0,35000.0,22499.999999999996,27500.000000000004,32500.0,37500.0,25000.0,30000.0,35000.0,40000.0,27500.0,32500.0,37500.0,42500.0
P46C,After Graduation,80000.0,32000.0,40000.0,48000.0,56000.0,32000.0,40000.0,48000.0,56000.0,36000.0,44000.0,52000.0,60000.0,40000.0,48000.0,56000.0,64000.0,44000.0,52000.0,60000.0,68000.0
P46G-NN2A,After Graduation,160000.0,104000.0,112000.0,120000.0,128000.0,104000.0,112000.0,120000.0,128000.0,104000.0,112000.0,120000.0,128000.0,104000.0,112000.0,120000.0,128000.0,104000.0,112000.0,120000.0,128000.0
P46A-NN5,After Graduation,80000.0,32000.0,40000.0,48000.0,56000.0,32000.0,40000.0,48000.0,56000.0,36000.0,44000.0,52000.0,60000.0,40000.0,48000.0,56000.0,64000.0,44000.0,52000.0,60000.0,68000.0
P46A-NN2,After Graduation,80000.0,32000.0,40000.0,48000.0,56000.0,32000.0,40000.0,48000.0,56000.0,36000.0,44000.0,52000.0,60000.0,40000.0,48000.0,56000.0,64000.0,44000.0,52000.0,60000.0,68000.0
P467,After Graduation,50000.0,20000.0,25000.0,30000.0,35000.0,20000.0,25000.0,30000.0,35000.0,22499.999999999996,27500.000000000004,32500.0,37500.0,25000.0,30000.0,35000.0,40000.0,27500.0,32500.0,37500.0,42500.0
P46K,After Graduation,50000.0,20000.0,25000.0,30000.0,35000.0,20000.0,25000.0,30000.0,35000.0,22499.999999999996,27500.000000000004,32500.0,37500.0,25000.0,30000.0,35000.0,40000.0,27500.0,32500.0,37500.0,42500.0
P468,After Graduation,50000.0,20000.0,25000.0,30000.0,35000.0,20000.0,25000.0,30000.0,35000.0,22499.999999999996,27500.000000000004,32500.0,37500.0,25000.0,30000.0,35000.0,40000.0,27500.0,32500.0,37500.0,42500.0
P46I-NN1,After Graduation,50000.0,20000.0,25000.0,30000.0,35000.0,20000.0,25000.0,30000.0,35000.0,22499.999999999996,27500.000000000004,32500.0,37500.0,25000.0,30000.0,35000.0,40000.0,27500.0,32500.0,37500.0,42500.0
P469-NN1,After Graduation,50000.0,20000.0,25000.0,30000.0,35000.0,20000.0,25000.0,30000.0,35000.0,22499.999999999996,27500.000000000004,32500.0,37500.0,25000.0,30000.0,35000.0,40000.0,27500.0,32500.0,37500.0,42500.0
P463,After Graduation,50000.0,20000.0,25000.0,30000.0,35000.0,20000.0,25000.0,30000.0,35000.0,22499.999999999996,27500.000000000004,32500.0,37500.0,25000.0,30000.0,35000.0,40000.0,27500.0,32500.0,37500.0,42500.0
P4AB,After Graduation,10000.0,10000.0,,,,10000.0,,,,10000.0,,,,10000.0,,,,10000.0,,,
P4BB,After Graduation,10000.0,10000.0,,,,10000.0,,,,10000.0,,,,10000.0,,,,10000.0,,,
P465,After Graduation,10000.0,10000.0,,,,10000.0,,,,10000.0,,,,10000.0,,,,10000.0,,,
P464,After Graduation,10000.0,10000.0,,,,10000.0,,,,10000.0,,,,10000.0,,,,10000.0,,,
P6A1,After Graduation,30000.0,30000.0,,,,30000.0,,,,30000.0,,,,30000.0,,,,30000.0,,,
P661,After Graduation,30000.0,30000.0,,,,30000.0,,,,30000.0,,,,30000.0,,,,30000.0,,,
P6A2,After Graduation,50000.0,20000.0,25000.0,30000.0,35000.0,20000.0,25000.0,30000.0,35000.0,22499.999999999996,27500.000000000004,32500.0,37500.0,25000.0,30000.0,35000.0,40000.0,27500.0,32500.0,37500.0,42500.0
P6B2,After Graduation,50000.0,20000.0,25000.0,30000.0,35000.0,20000.0,25000.0,30000.0,35000.0,22499.999999999996,27500.000000000004,32500.0,37500.0,25000.0,30000.0,35000.0,40000.0,27500.0,32500.0,37500.0,42500.0
P172,After Graduation,100000.0,40000.0,50000.0,60000.0,70000.0,40000.0,50000.0,60000.0,70000.0,44999.99999999999,55000.00000000001,65000.0,75000.0,50000.0,60000.0,70000.0,80000.0,55000.0,65000.0,75000.0,85000.0
P172-YNQ,After Graduation,100000.0,40000.0,50000.0,60000.0,70000.0,40000.0,50000.0,60000.0,70000.0,44999.99999999999,55000.00000000001,65000.0,75000.0,50000.0,60000.0,70000.0,80000.0,55000.0,65000.0,75000.0,85000.0
P17X,After Graduation,100000.0,40000.0,50000.0,60000.0,70000.0,40000.0,50000.0,60000.0,70000.0,44999.99999999999,55000.00000000001,65000.0,75000.0,50000.0,60000.0,70000.0,80000.0,55000.0,65000.0,75000.0,85000.0
P17AC,After Graduation,100000.0,40000.0,50000.0,60000.0,70000.0,40000.0,50000.0,60000.0,70000.0,44999.99999999999,55000.00000000001,65000.0,75000.0,50000.0,60000.0,70000.0,80000.0,55000.0,65000.0,75000.0,85000.0
P17AD,After Graduation,100000.0,40000.0,50000.0,60000.0,70000.0,40000.0,50000.0,60000.0,70000.0,44999.99999999999,55000.00000000001,65000.0,75000.0,50000.0,60000.0,70000.0,80000.0,55000.0,65000.0,75000.0,85000.0
P17E,After Graduation,80000.0,32000.0,40000.0,48000.0,56000.0,32000.0,40000.0,48000.0,56000.0,36000.0,44000.0,52000.0,60000.0,40000.0,48000.0,56000.0,64000.0,44000.0,52000.0,60000.0,68000.0
P17N,After Graduation,80000.0,32000.0,40000.0,48000.0,56000.0,32000.0,40000.0,48000.0,56000.0,36000.0,44000.0,52000.0,60000.0,40000.0,48000.0,56000.0,64000.0,44000.0,52000.0,60000.0,68000.0
P17R,After Graduation,80000.0,32000.0,40000.0,48000.0,56000.0,32000.0,40000.0,48000.0,56000.0,36000.0,44000.0,52000.0,60000.0,40000.0,48000.0,56000.0,64000.0,44000.0,52000.0,60000.0,68000.0
P17F,After Graduation,80000.0,32000.0,40000.0,48000.0,56000.0,32000.0,40000.0,48000.0,56000.0,36000.0,44000.0,52000.0,60000.0,40000.0,48000.0,56000.0,64000.0,44000.0,52000.0,60000.0,68000.0
P175-NNA,After Graduation,80000.0,32000.0,40000.0,48000.0,56000.0,32000.0,40000.0,48000.0,56000.0,36000.0,44000.0,52000.0,60000.0,40000.0,48000.0,56000.0,64000.0,44000.0,52000.0,60000.0,68000.0
P17J,After Graduation,80000.0,32000.0,40000.0,48000.0,56000.0,32000.0,40000.0,48000.0,56000.0,36000.0,44000.0,52000.0,60000.0,40000.0,48000.0,56000.0,64000.0,44000.0,52000.0,60000.0,68000.0
P17Q,After Graduation,80000.0,32000.0,40000.0,48000.0,56000.0,32000.0,40000.0,48000.0,56000.0,36000.0,44000.0,52000.0,60000.0,40000.0,48000.0,56000.0,64000.0,44000.0,52000.0,60000.0,68000.0
P171,After Graduation,80000.0,32000.0,40000.0,48000.0,56000.0,32000.0,40000.0,48000.0,56000.0,36000.0,44000.0,52000.0,60000.0,40000.0,48000.0,56000.0,64000.0,44000.0,52000.0,60000.0,68000.0
P171-Y,After Graduation,80000.0,32000.0,40000.0,48000.0,56000.0,32000.0,40000.0,48000.0,56000.0,36000.0,44000.0,52000.0,60000.0,40000.0,48000.0,56000.0,64000.0,44000.0,52000.0,60000.0,68000.0
P164-NN1,After Graduation,100000.0,40000.0,50000.0,60000.0,70000.0,40000.0,55000.0,65000.0,75000.0,45000.0,60000.0,70000.0,80000.0,50000.0,65000.0,75000.0,85000.0,55000.0,70000.0,80000.0,90000.0
P164-HN8,After Graduation,120000.0,78000.0,84000.0,90000.0,96000.0,78000.0,84000.0,90000.0,96000.0,78000.0,84000.0,90000.0,96000.0,78000.0,84000.0,90000.0,96000.0,78000.0,84000.0,90000.0,96000.0
P164-HN7,After Graduation,120000.0,78000.0,84000.0,90000.0,96000.0,78000.0,84000.0,90000.0,96000.0,78000.0,84000.0,90000.0,96000.0,78000.0,84000.0,90000.0,96000.0,78000.0,84000.0,90000.0,96000.0
P164-HN9,After Graduation,120000.0,78000.0,84000.0,90000.0,96000.0,78000.0,84000.0,90000.0,96000.0,78000.0,84000.0,90000.0,96000.0,78000.0,84000.0,90000.0,96000.0,78000.0,84000.0,90000.0,96000.0
P163,After Graduation,80000.0,32000.0,40000.0,48000.0,56000.0,32000.0,44000.0,52000.0,60000.0,36000.0,48000.0,56000.0,64000.0,40000.0,52000.0,60000.0,68000.0,44000.0,56000.0,64000.0,72000.0
P16AJ,After Graduation,120000.0,78000.0,84000.0,90000.0,96000.0,78000.0,84000.0,90000.0,96000.0,78000.0,84000.0,90000.0,96000.0,78000.0,84000.0,90000.0,96000.0,78000.0,84000.0,90000.0,96000.0
P26B-NN1,After Graduation,120000.0,60000.0,72000.0,84000.0,96000.0,60000.0,72000.0,84000.0,96000.0,66000.0,78000.0,90000.0,102000.0,90000.0,96000.0,102000.0,108000.0,90000.0,96000.0,102000.0,108000.0
P26B-NN2,After Graduation,120000.0,60000.0,72000.0,84000.0,96000.0,60000.0,72000.0,84000.0,96000.0,66000.0,78000.0,90000.0,102000.0,90000.0,96000.0,102000.0,108000.0,90000.0,96000.0,102000.0,108000.0
P26B-NN3,After Graduation,120000.0,60000.0,72000.0,84000.0,96000.0,60000.0,72000.0,84000.0,96000.0,66000.0,78000.0,90000.0,102000.0,90000.0,96000.0,102000.0,108000.0,90000.0,96000.0,102000.0,108000.0
P26B-NN5,After Graduation,120000.0,60000.0,72000.0,84000.0,96000.0,60000.0,72000.0,84000.0,96000.0,66000.0,78000.0,90000.0,102000.0,90000.0,96000.0,102000.0,108000.0,90000.0,96000.0,102000.0,108000.0
P26B-NN6,After Graduation,120000.0,60000.0,72000.0,84000.0,96000.0,60000.0,72000.0,84000.0,96000.0,66000.0,78000.0,90000.0,102000.0,90000.0,96000.0,102000.0,108000.0,90000.0,96000.0,102000.0,108000.0
P26E,After Graduation,120000.0,60000.0,72000.0,84000.0,96000.0,60000.0,72000.0,84000.0,96000.0,66000.0,78000.0,90000.0,102000.0,90000.0,96000.0,102000.0,108000.0,90000.0,96000.0,102000.0,108000.0
P26C,After Graduation,120000.0,60000.0,72000.0,84000.0,96000.0,60000.0,72000.0,84000.0,96000.0,66000.0,78000.0,90000.0,102000.0,90000.0,96000.0,102000.0,108000.0,90000.0,96000.0,102000.0,108000.0
P26F-NN1,After Graduation,120000.0,60000.0,72000.0,84000.0,96000.0,60000.0,72000.0,84000.0,96000.0,66000.0,78000.0,90000.0,102000.0,90000.0,96000.0,102000.0,108000.0,90000.0,96000.0,102000.0,108000.0
P264,After Graduation,80000.0,32000.0,40000.0,48000.0,56000.0,32000.0,40000.0,48000.0,56000.0,36000.0,44000.0,52000.0,60000.0,40000.0,48000.0,56000.0,64000.0,44000.0,52000.0,60000.0,68000.0
P265-NN1,After Graduation,80000.0,32000.0,40000.0,48000.0,56000.0,32000.0,40000.0,48000.0,56000.0,36000.0,44000.0,52000.0,60000.0,40000.0,48000.0,56000.0,64000.0,44000.0,52000.0,60000.0,68000.0
P260-H,After Graduation,80000.0,32000.0,40000.0,48000.0,56000.0,32000.0,40000.0,48000.0,56000.0,36000.0,44000.0,52000.0,60000.0,40000.0,48000.0,56000.0,64000.0,44000.0,52000.0,60000.0,68000.0
P263-H,After Graduation,80000.0,32000.0,40000.0,48000.0,56000.0,32000.0,40000.0,48000.0,56000.0,36000.0,44000.0,52000.0,60000.0,40000.0,48000.0,56000.0,64000.0,44000.0,52000.0,60000.0,68000.0
P26G,After Graduation,80000.0,32000.0,40000.0,48000.0,56000.0,32000.0,40000.0,48000.0,56000.0,36000.0,44000.0,52000.0,60000.0,40000.0,48000.0,56000.0,64000.0,44000.0,52000.0,60000.0,68000.0
P26G-NN1,After Graduation,80000.0,32000.0,40000.0,48000.0,56000.0,32000.0,40000.0,48000.0,56000.0,36000.0,44000.0,52000.0,60000.0,40000.0,48000.0,56000.0,64000.0,44000.0,52000.0,60000.0,68000.0
P262-H,After Graduation,50000.0,20000.0,25000.0,30000.0,35000.0,20000.0,25000.0,30000.0,35000.0,22499.999999999996,27500.000000000004,32500.0,37500.0,25000.0,30000.0,35000.0,40000.0,27500.0,32500.0,37500.0,42500.0
P2L2,After Graduation,50000.0,20000.0,25000.0,30000.0,35000.0,20000.0,25000.0,30000.0,35000.0,22499.999999999996,27500.000000000004,32500.0,37500.0,25000.0,30000.0,35000.0,40000.0,27500.0,32500.0,37500.0,42500.0
P268-H,After Graduation,50000.0,20000.0,25000.0,30000.0,35000.0,20000.0,25000.0,30000.0,35000.0,22499.999999999996,27500.000000000004,32500.0,37500.0,25000.0,30000.0,35000.0,40000.0,27500.0,32500.0,37500.0,42500.0
P266-H,After Graduation,50000.0,20000.0,25000.0,30000.0,35000.0,20000.0,25000.0,30000.0,35000.0,22499.999999999996,27500.000000000004,32500.0,37500.0,25000.0,30000.0,35000.0,40000.0,27500.0,32500.0,37500.0,42500.0
P269,After Graduation,50000.0,20000.0,25000.0,30000.0,35000.0,20000.0,25000.0,30000.0,35000.0,22499.999999999996,27500.000000000004,32500.0,37500.0,25000.0,30000.0,35000.0,40000.0,27500.0,32500.0,37500.0,42500.0
P269-NN-1,After Graduation,50000.0,20000.0,25000.0,30000.0,35000.0,20000.0,25000.0,30000.0,35000.0,22499.999999999996,27500.000000000004,32500.0,37500.0,25000.0,30000.0,35000.0,40000.0,27500.0,32500.0,37500.0,42500.0
P26J,After Graduation,50000.0,20000.0,25000.0,30000.0,35000.0,20000.0,25000.0,30000.0,35000.0,22499.999999999996,27500.000000000004,32500.0,37500.0,25000.0,30000.0,35000.0,40000.0,27500.0,32500.0,37500.0,42500.0
P570-NN1-D,After Graduation,120000.0,60000.0,72000.0,84000.0,96000.0,60000.0,72000.0,84000.0,96000.0,66000.0,78000.0,90000.0,102000.0,90000.0,96000.0,102000.0,108000.0,90000.0,96000.0,102000.0,108000.0
P570-NN2-D,After Graduation,120000.0,60000.0,72000.0,84000.0,96000.0,60000.0,72000.0,84000.0,96000.0,66000.0,78000.0,90000.0,102000.0,90000.0,96000.0,102000.0,108000.0,90000.0,96000.0,102000.0,108000.0
P570-NNB-D,After Graduation,120000.0,60000.0,72000.0,84000.0,96000.0,60000.0,72000.0,84000.0,96000.0,66000.0,78000.0,90000.0,102000.0,90000.0,96000.0,102000.0,108000.0,90000.0,96000.0,102000.0,108000.0
P570-NN3-D,After Graduation,120000.0,60000.0,72000.0,84000.0,96000.0,60000.0,72000.0,84000.0,96000.0,66000.0,78000.0,90000.0,102000.0,90000.0,96000.0,102000.0,108000.0,90000.0,96000.0,102000.0,108000.0
P570-NND-D,After Graduation,120000.0,60000.0,72000.0,84000.0,96000.0,60000.0,72000.0,84000.0,96000.0,66000.0,78000.0,90000.0,102000.0,90000.0,96000.0,102000.0,108000.0,90000.0,96000.0,102000.0,108000.0
P580-NNLA,After Graduation,160000.0,104000.0,112000.0,120000.0,128000.0,104000.0,112000.0,120000.0,128000.0,104000.0,112000.0,120000.0,128000.0,104000.0,112000.0,120000.0,128000.0,104000.0,112000.0,120000.0,128000.0
P572-NNDA,After Graduation,80000.0,32000.0,40000.0,48000.0,56000.0,32000.0,40000.0,48000.0,56000.0,36000.0,44000.0,52000.0,60000.0,40000.0,48000.0,56000.0,64000.0,44000.0,52000.0,60000.0,68000.0
P572-NNEA,After Graduation,80000.0,32000.0,40000.0,48000.0,56000.0,32000.0,40000.0,48000.0,56000.0,36000.0,44000.0,52000.0,60000.0,40000.0,48000.0,56000.0,64000.0,44000.0,52000.0,60000.0,68000.0
P572-NNFA,After Graduation,80000.0,32000.0,40000.0,48000.0,56000.0,32000.0,40000.0,48000.0,56000.0,36000.0,44000.0,52000.0,60000.0,40000.0,48000.0,56000.0,64000.0,44000.0,52000.0,60000.0,68000.0
P561-NNM,After Graduation,80000.0,40000.0,48000.0,56000.0,64000.0,40000.0,48000.0,56000.0,64000.0,44000.0,52000.0,60000.0,68000.0,48000.0,56000.0,64000.0,72000.0,52000.0,60000.0,68000.0,72000.0
P568,After Graduation,220000.0,88000.0,110000.0,132000.0,154000.0,88000.0,110000.0,132000.0,154000.0,98999.99999999999,121000.00000000001,143000.0,165000.0,110000.0,132000.0,154000.0,176000.0,121000.0,143000.0,165000.0,187000.0
