official_code,base_saarc,base_zone1,base_zone2,saarc_A,saarc_B,saarc_C,zone1_A,zone1_B,zone1_C,zone2_A,zone2_B,zone2_C
P105,60000.0,1500.0,3000.0,24000.0,30000.0,36000.0,600.0,750.0,900.0,1200.0,1500.0,1800.0
P102,60000.0,1500.0,3000.0,24000.0,30000.0,36000.0,600.0,750.0,900.0,1200.0,1500.0,1800.0
P102-NNP,60000.0,1500.0,3000.0,24000.0,30000.0,36000.0,600.0,750.0,900.0,1200.0,1500.0,1800.0
P108,60000.0,1500.0,3000.0,24000.0,30000.0,36000.0,600.0,750.0,900.0,1200.0,1500.0,1800.0
P109,60000.0,1500.0,3000.0,24000.0,30000.0,36000.0,600.0,750.0,900.0,1200.0,1500.0,1800.0
P107,60000.0,1500.0,3000.0,24000.0,30000.0,36000.0,600.0,750.0,900.0,1200.0,1500.0,1800.0
P106,60000.0,1500.0,3000.0,24000.0,30000.0,36000.0,600.0,750.0,900.0,1200.0,1500.0,1800.0
P301,60000.0,1500.0,3000.0,24000.0,30000.0,36000.0,600.0,750.0,900.0,1200.0,1500.0,1800.0
P701,60000.0,1500.0,3000.0,24000.0,30000.0,36000.0,600.0,750.0,900.0,1200.0,1500.0,1800.0
P501,60000.0,1500.0,3000.0,24000.0,30000.0,36000.0,600.0,750.0,900.0,1200.0,1500.0,1800.0
P135,140000.0,2000.0,3500.0,56000.0,70000.0,84000.0,800.0,1000.0,1200.0,1400.0,1750.0,2100.0
P135-Y,140000.0,2000.0,3500.0,56000.0,70000.0,84000.0,800.0,1000.0,1200.0,1400.0,1750.0,2100.0
P135-NNB,180000.0,2500.0,4000.0,72000.0,90000.0,108000.0,1000.0,1250.0,1500.0,1600.0,2000.0,2400.0
P135-NN9,180000.0,2500.0,4000.0,72000.0,90000.0,108000.0,1000.0,1250.0,1500.0,1600.0,2000.0,2400.0
P132,160000.0,2500.0,4000.0,64000.0,80000.0,96000.0,1000.0,1250.0,1500.0,1600.0,2000.0,2400.0
P132-Y,160000.0,2500.0,4000.0,64000.0,80000.0,96000.0,1000.0,1250.0,1500.0,1600.0,2000.0,2400.0
P132-NNM,180000.0,3000.0,4500.0,72000.0,90000.0,108000.0,1200.0,1500.0,1800.0,1800.0,2250.0,2700.0
P132-NNK,200000.0,3000.0,4500.0,80000.0,100000.0,120000.0,1200.0,1500.0,1800.0,1800.0,2250.0,2700.0
P132-NNL,200000.0,3000.0,4500.0,80000.0,100000.0,120000.0,1200.0,1500.0,1800.0,1800.0,2250.0,2700.0
P132-NNAA,180000.0,3000.0,4500.0,72000.0,90000.0,108000.0,1200.0,1500.0,1800.0,1800.0,2250.0,2700.0
P132-NNAH,180000.0,3000.0,4500.0,72000.0,90000.0,108000.0,1200.0,1500.0,1800.0,1800.0,2250.0,2700.0
P132-NNAB,180000.0,3000.0,4500.0,72000.0,90000.0,108000.0,1200.0,1500.0,1800.0,1800.0,2250.0,2700.0
P132-NNAK,200000.0,3000.0,4500.0,80000.0,100000.0,120000.0,1200.0,1500.0,1800.0,1800.0,2250.0,2700.0
P132-NNS,200000.0,3000.0,4500.0,80000.0,100000.0,120000.0,1200.0,1500.0,1800.0,1800.0,2250.0,2700.0
P132-NNT,180000.0,3000.0,4500.0,72000.0,90000.0,108000.0,1200.0,1500.0,1800.0,1800.0,2250.0,2700.0
P132-NNAJ,200000.0,3000.0,4500.0,80000.0,100000.0,120000.0,1200.0,1500.0,1800.0,1800.0,2250.0,2700.0
P132-NNAG,450000.0,7000.0,9500.0,180000.0,225000.0,270000.0,2800.0,3500.0,4200.0,3800.0,4750.0,5700.0
P132-HNF,200000.0,3000.0,4500.0,80000.0,100000.0,120000.0,1200.0,1500.0,1800.0,1800.0,2250.0,2700.0
P132-HNG,200000.0,3000.0,4500.0,80000.0,100000.0,120000.0,1200.0,1500.0,1800.0,1800.0,2250.0,2700.0
P192-NE,160000.0,2500.0,4000.0,64000.0,80000.0,96000.0,1000.0,1250.0,1500.0,1600.0,2000.0,2400.0
P133,160000.0,2500.0,4000.0,64000.0,80000.0,96000.0,1000.0,1250.0,1500.0,1600.0,2000.0,2400.0
P138,140000.0,2000.0,3500.0,56000.0,70000.0,84000.0,800.0,1000.0,1200.0,1400.0,1750.0,2100.0
P138-Y,140000.0,2000.0,3500.0,56000.0,70000.0,84000.0,800.0,1000.0,1200.0,1400.0,1750.0,2100.0
P138-NN1,140000.0,2000.0,3500.0,56000.0,70000.0,84000.0,800.0,1000.0,1200.0,1400.0,1750.0,2100.0
P138-YN1,140000.0,2000.0,3500.0,56000.0,70000.0,84000.0,800.0,1000.0,1200.0,1400.0,1750.0,2100.0
P138-NNB,180000.0,2500.0,4000.0,72000.0,90000.0,108000.0,1000.0,1250.0,1500.0,1600.0,2000.0,2400.0
P13E,140000.0,2000.0,3500.0,56000.0,70000.0,84000.0,800.0,1000.0,1200.0,1400.0,1750.0,2100.0
P137,140000.0,2000.0,3500.0,56000.0,70000.0,84000.0,800.0,1000.0,1200.0,1400.0,1750.0,2100.0
P137-Y,140000.0,2000.0,3500.0,56000.0,70000.0,84000.0,800.0,1000.0,1200.0,1400.0,1750.0,2100.0
P137-NN3,180000.0,2500.0,4000.0,72000.0,90000.0,108000.0,1000.0,1250.0,1500.0,1600.0,2000.0,2400.0
P136,140000.0,2000.0,3500.0,56000.0,70000.0,84000.0,800.0,1000.0,1200.0,1400.0,1750.0,2100.0
P13A,140000.0,2000.0,3500.0,56000.0,70000.0,84000.0,800.0,1000.0,1200.0,1400.0,1750.0,2100.0
P13AF,180000.0,2500.0,4000.0,72000.0,90000.0,108000.0,1000.0,1250.0,1500.0,1600.0,2000.0,2400.0
P131,140000.0,2000.0,3500.0,56000.0,70000.0,84000.0,800.0,1000.0,1200.0,1400.0,1750.0,2100.0
P131-Y,140000.0,2000.0,3500.0,56000.0,70000.0,84000.0,800.0,1000.0,1200.0,1400.0,1750.0,2100.0
P131-NN4,200000.0,3000.0,4500.0,80000.0,100000.0,120000.0,1200.0,1500.0,1800.0,1800.0,2250.0,2700.0
P13Q,140000.0,2000.0,3500.0,56000.0,70000.0,84000.0,800.0,1000.0,1200.0,1400.0,1750.0,2100.0
P13O,140000.0,2000.0,3500.0,56000.0,70000.0,84000.0,800.0,1000.0,1200.0,1400.0,1750.0,2100.0
P139,140000.0,2000.0,3500.0,56000.0,70000.0,84000.0,800.0,1000.0,1200.0,1400.0,1750.0,2100.0
P139-Y,140000.0,2000.0,3500.0,56000.0,70000.0,84000.0,800.0,1000.0,1200.0,1400.0,1750.0,2100.0
P13C,140000.0,2000.0,3500.0,56000.0,70000.0,84000.0,800.0,1000.0,1200.0,1400.0,1750.0,2100.0
P124,80000.0,1500.0,3000.0,32000.0,40000.0,48000.0,600.0,750.0,900.0,1200.0,1500.0,1800.0
P124-NN9,120000.0,2000.0,3500.0,48000.0,60000.0,72000.0,800.0,1000.0,1200.0,1400.0,1750.0,2100.0
P124-NN8,120000.0,2000.0,3500.0,48000.0,60000.0,72000.0,800.0,1000.0,1200.0,1400.0,1750.0,2100.0
P124-NN7,120000.0,2000.0,3500.0,48000.0,60000.0,72000.0,800.0,1000.0,1200.0,1400.0,1750.0,2100.0
P124-NNA,100000.0,2000.0,3500.0,40000.0,50000.0,60000.0,800.0,1000.0,1200.0,1400.0,1750.0,2100.0
P124-NNC,100000.0,2000.0,3500.0,40000.0,50000.0,60000.0,800.0,1000.0,1200.0,1400.0,1750.0,2100.0
P22A-NN9,120000.0,2000.0,3500.0,48000.0,60000.0,72000.0,800.0,1000.0,1200.0,1400.0,1750.0,2100.0
P123,80000.0,1500.0,3000.0,32000.0,40000.0,48000.0,600.0,750.0,900.0,1200.0,1500.0,1800.0
P123-Y,80000.0,1500.0,3000.0,32000.0,40000.0,48000.0,600.0,750.0,900.0,1200.0,1500.0,1800.0
P24B-H,120000.0,1500.0,3000.0,48000.0,60000.0,72000.0,600.0,750.0,900.0,1200.0,1500.0,1800.0
P244-HN3,80000.0,1500.0,3000.0,32000.0,40000.0,48000.0,600.0,750.0,900.0,1200.0,1500.0,1800.0
P224,80000.0,1500.0,3000.0,32000.0,40000.0,48000.0,600.0,750.0,900.0,1200.0,1500.0,1800.0
P245-HN1,80000.0,1500.0,3000.0,32000.0,40000.0,48000.0,600.0,750.0,900.0,1200.0,1500.0,1800.0
P240-HN3,80000.0,1500.0,3000.0,32000.0,40000.0,48000.0,600.0,750.0,900.0,1200.0,1500.0,1800.0
P220,80000.0,1500.0,3000.0,32000.0,40000.0,48000.0,600.0,750.0,900.0,1200.0,1500.0,1800.0
P243-HN3,80000.0,1500.0,3000.0,32000.0,40000.0,48000.0,600.0,750.0,900.0,1200.0,1500.0,1800.0
P223,80000.0,1500.0,3000.0,32000.0,40000.0,48000.0,600.0,750.0,900.0,1200.0,1500.0,1800.0
P24G-H,80000.0,1500.0,3000.0,32000.0,40000.0,48000.0,600.0,750.0,900.0,1200.0,1500.0,1800.0
P22G,80000.0,1500.0,3000.0,32000.0,40000.0,48000.0,600.0,750.0,900.0,1200.0,1500.0,1800.0
P24A-HNB,80000.0,1500.0,3000.0,32000.0,40000.0,48000.0,600.0,750.0,900.0,1200.0,1500.0,1800.0
P22A-NN5,80000.0,1500.0,3000.0,32000.0,40000.0,48000.0,600.0,750.0,900.0,1200.0,1500.0,1800.0
P24A-HNC,80000.0,1500.0,3000.0,32000.0,40000.0,48000.0,600.0,750.0,900.0,1200.0,1500.0,1800.0
P22A-NN7,80000.0,1500.0,3000.0,32000.0,40000.0,48000.0,600.0,750.0,900.0,1200.0,1500.0,1800.0
P24A-HND,80000.0,1500.0,3000.0,32000.0,40000.0,48000.0,600.0,750.0,900.0,1200.0,1500.0,1800.0
P22A-NN6,80000.0,1500.0,3000.0,32000.0,40000.0,48000.0,600.0,750.0,900.0,1200.0,1500.0,1800.0
P24A-HNE,80000.0,1500.0,3000.0,32000.0,40000.0,48000.0,600.0,750.0,900.0,1200.0,1500.0,1800.0
P22A-NN8,80000.0,1500.0,3000.0,32000.0,40000.0,48000.0,600.0,750.0,900.0,1200.0,1500.0,1800.0
P321,80000.0,1500.0,3000.0,32000.0,40000.0,48000.0,600.0,750.0,900.0,1200.0,1500.0,1800.0
P321-Y,80000.0,1500.0,3000.0,32000.0,40000.0,48000.0,600.0,750.0,900.0,1200.0,1500.0,1800.0
P340-HNAE,80000.0,1500.0,3000.0,32000.0,40000.0,48000.0,600.0,750.0,900.0,1200.0,1500.0,1800.0
P340-HNAH,350000.0,7000.0,9500.0,140000.0,175000.0,210000.0,2800.0,3500.0,4200.0,3800.0,4750.0,5700.0
P390-NE,100000.0,2000.0,3500.0,40000.0,50000.0,60000.0,800.0,1000.0,1200.0,1400.0,1750.0,2100.0
P320-NN6,100000.0,2000.0,3500.0,40000.0,50000.0,60000.0,800.0,1000.0,1200.0,1400.0,1750.0,2100.0
P320-NNG,100000.0,2000.0,3500.0,40000.0,50000.0,60000.0,800.0,1000.0,1200.0,1400.0,1750.0,2100.0
P320-NNB,100000.0,2000.0,3500.0,40000.0,50000.0,60000.0,800.0,1000.0,1200.0,1400.0,1750.0,2100.0
P320-NNV,100000.0,2000.0,3500.0,40000.0,50000.0,60000.0,800.0,1000.0,1200.0,1400.0,1750.0,2100.0
P320-NNX,100000.0,2000.0,3500.0,40000.0,50000.0,60000.0,800.0,1000.0,1200.0,1400.0,1750.0,2100.0
P320-NNY,100000.0,2000.0,3500.0,40000.0,50000.0,60000.0,800.0,1000.0,1200.0,1400.0,1750.0,2100.0
P320-NNZ,100000.0,2000.0,3500.0,40000.0,50000.0,60000.0,800.0,1000.0,1200.0,1400.0,1750.0,2100.0
P320-NNAA,100000.0,2000.0,3500.0,40000.0,50000.0,60000.0,800.0,1000.0,1200.0,1400.0,1750.0,2100.0
P320-NNT,80000.0,2000.0,3500.0,32000.0,40000.0,48000.0,800.0,1000.0,1200.0,1400.0,1750.0,2100.0
P322,80000.0,1500.0,3000.0,32000.0,40000.0,48000.0,600.0,750.0,900.0,1200.0,1500.0,1800.0
P322-Y,80000.0,1500.0,3000.0,32000.0,40000.0,48000.0,600.0,750.0,900.0,1200.0,1500.0,1800.0
P342-HN9,80000.0,1500.0,3000.0,32000.0,40000.0,48000.0,600.0,750.0,900.0,1200.0,1500.0,1800.0
P322-NN2,100000.0,2000.0,3500.0,40000.0,50000.0,60000.0,800.0,1000.0,1200.0,1400.0,1750.0,2100.0
P322-NN6,100000.0,2000.0,3500.0,40000.0,50000.0,60000.0,800.0,1000.0,1200.0,1400.0,1750.0,2100.0
P322-NN7,100000.0,2000.0,3500.0,40000.0,50000.0,60000.0,800.0,1000.0,1200.0,1400.0,1750.0,2100.0
P322-NNA,100000.0,2000.0,3500.0,40000.0,50000.0,60000.0,800.0,1000.0,1200.0,1400.0,1750.0,2100.0
P323-NN1,80000.0,1500.0,3000.0,32000.0,40000.0,48000.0,600.0,750.0,900.0,1200.0,1500.0,1800.0
P343-HN2,80000.0,1500.0,3000.0,32000.0,40000.0,48000.0,600.0,750.0,900.0,1200.0,1500.0,1800.0
P490-HH,140000.0,2500.0,4000.0,56000.0,70000.0,84000.0,1000.0,1250.0,1500.0,1600.0,2000.0,2400.0
P391-HH,140000.0,2500.0,4000.0,56000.0,70000.0,84000.0,1000.0,1250.0,1500.0,1600.0,2000.0,2400.0
P325,80000.0,1500.0,3000.0,32000.0,40000.0,48000.0,600.0,750.0,900.0,1200.0,1500.0,1800.0
P320-NNAG,80000.0,1500.0,3000.0,32000.0,40000.0,48000.0,600.0,750.0,900.0,1200.0,1500.0,1800.0
P320-NNM,80000.0,1500.0,3000.0,32000.0,40000.0,48000.0,600.0,750.0,900.0,1200.0,1500.0,1800.0
P324-NN8,80000.0,1500.0,3000.0,32000.0,40000.0,48000.0,600.0,750.0,900.0,1200.0,1500.0,1800.0
P344,80000.0,1500.0,3000.0,32000.0,40000.0,48000.0,600.0,750.0,900.0,1200.0,1500.0,1800.0
P344-Y,80000.0,1500.0,3000.0,32000.0,40000.0,48000.0,600.0,750.0,900.0,1200.0,1500.0,1800.0
P324-NN6,100000.0,1500.0,3000.0,40000.0,50000.0,60000.0,600.0,750.0,900.0,1200.0,1500.0,1800.0
P741,120000.0,2000.0,3500.0,48000.0,60000.0,72000.0,800.0,1000.0,1200.0,1400.0,1750.0,2100.0
P793-ND2,80000.0,1500.0,3000.0,32000.0,40000.0,48000.0,600.0,750.0,900.0,1200.0,1500.0,1800.0
P722-NNJ,140000.0,2000.0,3500.0,56000.0,70000.0,84000.0,800.0,1000.0,1200.0,1400.0,1750.0,2100.0
P742-NN1,140000.0,2000.0,3500.0,56000.0,70000.0,84000.0,800.0,1000.0,1200.0,1400.0,1750.0,2100.0
P742-NN2,140000.0,2000.0,3500.0,56000.0,70000.0,84000.0,800.0,1000.0,1200.0,1400.0,1750.0,2100.0
P742-NNM,140000.0,2000.0,3500.0,56000.0,70000.0,84000.0,800.0,1000.0,1200.0,1400.0,1750.0,2100.0
P722-NNF,140000.0,2000.0,3500.0,56000.0,70000.0,84000.0,800.0,1000.0,1200.0,1400.0,1750.0,2100.0
P742-NN3,140000.0,2000.0,3500.0,56000.0,70000.0,84000.0,800.0,1000.0,1200.0,1400.0,1750.0,2100.0
P742-YN3,140000.0,2000.0,3500.0,56000.0,70000.0,84000.0,800.0,1000.0,1200.0,1400.0,1750.0,2100.0
P722-NNL,140000.0,2000.0,3500.0,56000.0,70000.0,84000.0,800.0,1000.0,1200.0,1400.0,1750.0,2100.0
P742-NNL,140000.0,2000.0,3500.0,56000.0,70000.0,84000.0,800.0,1000.0,1200.0,1400.0,1750.0,2100.0
P722-NNG,140000.0,2000.0,3500.0,56000.0,70000.0,84000.0,800.0,1000.0,1200.0,1400.0,1750.0,2100.0
P742-NN8,140000.0,2000.0,3500.0,56000.0,70000.0,84000.0,800.0,1000.0,1200.0,1400.0,1750.0,2100.0
P722-NNH,140000.0,2000.0,3500.0,56000.0,70000.0,84000.0,800.0,1000.0,1200.0,1400.0,1750.0,2100.0
P742-NN5,140000.0,2000.0,3500.0,56000.0,70000.0,84000.0,800.0,1000.0,1200.0,1400.0,1750.0,2100.0
P421,80000.0,1500.0,3000.0,32000.0,40000.0,48000.0,600.0,750.0,900.0,1200.0,1500.0,1800.0
P441,80000.0,1500.0,3000.0,32000.0,40000.0,48000.0,600.0,750.0,900.0,1200.0,1500.0,1800.0
P724,80000.0,1500.0,3000.0,32000.0,40000.0,48000.0,600.0,750.0,900.0,1200.0,1500.0,1800.0
P727,80000.0,1500.0,3000.0,32000.0,40000.0,48000.0,600.0,750.0,900.0,1200.0,1500.0,1800.0
P742-NN6,80000.0,1500.0,3000.0,32000.0,40000.0,48000.0,600.0,750.0,900.0,1200.0,1500.0,1800.0
P41B,80000.0,1500.0,3000.0,32000.0,40000.0,48000.0,600.0,750.0,900.0,1200.0,1500.0,1800.0
P422-NN5,80000.0,1500.0,3000.0,32000.0,40000.0,48000.0,600.0,750.0,900.0,1200.0,1500.0,1800.0
P422-NN7,80000.0,1500.0,3000.0,32000.0,40000.0,48000.0,600.0,750.0,900.0,1200.0,1500.0,1800.0
P442-NN5,80000.0,1500.0,3000.0,32000.0,40000.0,48000.0,600.0,750.0,900.0,1200.0,1500.0,1800.0
P442-NN7,80000.0,1500.0,3000.0,32000.0,40000.0,48000.0,600.0,750.0,900.0,1200.0,1500.0,1800.0
P44G-HN2,160000.0,2500.0,4000.0,64000.0,80000.0,96000.0,1000.0,1250.0,1500.0,1600.0,2000.0,2400.0
P44A-NN3,80000.0,1500.0,3000.0,32000.0,40000.0,48000.0,600.0,750.0,900.0,1200.0,1500.0,1800.0
P420,80000.0,1500.0,3000.0,32000.0,40000.0,48000.0,600.0,750.0,900.0,1200.0,1500.0,1800.0
P440-HN4,80000.0,1500.0,3000.0,32000.0,40000.0,48000.0,600.0,750.0,900.0,1200.0,1500.0,1800.0
P420-NN7,80000.0,1500.0,3000.0,32000.0,40000.0,48000.0,600.0,750.0,900.0,1200.0,1500.0,1800.0
P42K,80000.0,1500.0,3000.0,32000.0,40000.0,48000.0,600.0,750.0,900.0,1200.0,1500.0,1800.0
P44K-H,80000.0,1500.0,3000.0,32000.0,40000.0,48000.0,600.0,750.0,900.0,1200.0,1500.0,1800.0
P42I,80000.0,1500.0,3000.0,32000.0,40000.0,48000.0,600.0,750.0,900.0,1200.0,1500.0,1800.0
P622,80000.0,1500.0,3000.0,32000.0,40000.0,48000.0,600.0,750.0,900.0,1200.0,1500.0,1800.0
P625,80000.0,1500.0,3000.0,32000.0,40000.0,48000.0,600.0,750.0,900.0,1200.0,1500.0,1800.0
P49M-NK2,80000.0,1500.0,3000.0,32000.0,40000.0,48000.0,600.0,750.0,900.0,1200.0,1500.0,1800.0
P490-NK5,80000.0,1500.0,3000.0,32000.0,40000.0,48000.0,600.0,750.0,900.0,1200.0,1500.0,1800.0
P29A-NKF,80000.0,1500.0,3000.0,32000.0,40000.0,48000.0,600.0,750.0,900.0,1200.0,1500.0,1800.0
P540-NNN-D,120000.0,2500.0,4000.0,48000.0,60000.0,72000.0,1000.0,1250.0,1500.0,1600.0,2000.0,2400.0
P5K0-NNKA,160000.0,2500.0,4000.0,64000.0,80000.0,96000.0,1000.0,1250.0,1500.0,1600.0,2000.0,2400.0
P542-NNCA,100000.0,2000.0,3500.0,40000.0,50000.0,60000.0,800.0,1000.0,1200.0,1400.0,1750.0,2100.0
P541-NNJ,80000.0,1500.0,3000.0,32000.0,40000.0,48000.0,600.0,750.0,900.0,1200.0,1500.0,1800.0
P541-NNK,100000.0,2000.0,3500.0,40000.0,50000.0,60000.0,800.0,1000.0,1200.0,1400.0,1750.0,2100.0
P541-NND,80000.0,1500.0,3000.0,32000.0,40000.0,48000.0,600.0,750.0,900.0,1200.0,1500.0,1800.0
P541-NNH,100000.0,2000.0,3500.0,40000.0,50000.0,60000.0,800.0,1000.0,1200.0,1400.0,1750.0,2100.0
P541-NNE,100000.0,2000.0,3500.0,40000.0,50000.0,60000.0,800.0,1000.0,1200.0,1400.0,1750.0,2100.0
P548,120000.0,2500.0,4000.0,48000.0,60000.0,72000.0,1000.0,1250.0,1500.0,1600.0,2000.0,2400.0
P105-L,60000.0,1500.0,3000.0,24000.0,30000.0,36000.0,600.0,750.0,900.0,1200.0,1500.0,1800.0
P102-L,60000.0,1500.0,3000.0,24000.0,30000.0,36000.0,600.0,750.0,900.0,1200.0,1500.0,1800.0
P102-LNP,60000.0,1500.0,3000.0,24000.0,30000.0,36000.0,600.0,750.0,900.0,1200.0,1500.0,1800.0
P108-L,60000.0,1500.0,3000.0,24000.0,30000.0,36000.0,600.0,750.0,900.0,1200.0,1500.0,1800.0
P107-L,60000.0,1500.0,3000.0,24000.0,30000.0,36000.0,600.0,750.0,900.0,1200.0,1500.0,1800.0
P135-L,140000.0,2000.0,3500.0,56000.0,70000.0,84000.0,800.0,1000.0,1200.0,1400.0,1750.0,2100.0
P132-L,160000.0,2500.0,4000.0,64000.0,80000.0,96000.0,1000.0,1250.0,1500.0,1600.0,2000.0,2400.0
P132-LNP,200000.0,3000.0,4500.0,80000.0,100000.0,120000.0,1200.0,1500.0,1800.0,1800.0,2250.0,2700.0
P133-L,160000.0,2500.0,4000.0,64000.0,80000.0,96000.0,1000.0,1250.0,1500.0,1600.0,2000.0,2400.0
P138-L,140000.0,2000.0,3500.0,56000.0,70000.0,84000.0,800.0,1000.0,1200.0,1400.0,1750.0,2100.0
P138-LN1,140000.0,2000.0,3500.0,56000.0,70000.0,84000.0,800.0,1000.0,1200.0,1400.0,1750.0,2100.0
P137-L,140000.0,2000.0,3500.0,56000.0,70000.0,84000.0,800.0,1000.0,1200.0,1400.0,1750.0,2100.0
P137-LN1,140000.0,2000.0,3500.0,56000.0,70000.0,84000.0,800.0,1000.0,1200.0,1400.0,1750.0,2100.0
P136-L,140000.0,2000.0,3500.0,56000.0,70000.0,84000.0,800.0,1000.0,1200.0,1400.0,1750.0,2100.0
P13A-L,140000.0,2000.0,3500.0,56000.0,70000.0,84000.0,800.0,1000.0,1200.0,1400.0,1750.0,2100.0
P13AF-L,180000.0,2500.0,4000.0,72000.0,90000.0,108000.0,1000.0,1250.0,1500.0,1600.0,2000.0,2400.0
P131-L,140000.0,2000.0,3500.0,56000.0,70000.0,84000.0,800.0,1000.0,1200.0,1400.0,1750.0,2100.0
P13Q-L,140000.0,2000.0,3500.0,56000.0,70000.0,84000.0,800.0,1000.0,1200.0,1400.0,1750.0,2100.0
P139-L,140000.0,2000.0,3500.0,56000.0,70000.0,84000.0,800.0,1000.0,1200.0,1400.0,1750.0,2100.0
P13E-L,140000.0,2000.0,3500.0,56000.0,70000.0,84000.0,800.0,1000.0,1200.0,1400.0,1750.0,2100.0
P13C-L,140000.0,2000.0,3500.0,56000.0,70000.0,84000.0,800.0,1000.0,1200.0,1400.0,1750.0,2100.0
P13O-L,140000.0,2000.0,3500.0,56000.0,70000.0,84000.0,800.0,1000.0,1200.0,1400.0,1750.0,2100.0
P124-L,80000.0,1500.0,3000.0,32000.0,40000.0,48000.0,600.0,750.0,900.0,1200.0,1500.0,1800.0
P123-L,80000.0,1500.0,3000.0,32000.0,40000.0,48000.0,600.0,750.0,900.0,1200.0,1500.0,1800.0
P321-L,80000.0,1500.0,3000.0,32000.0,40000.0,48000.0,600.0,750.0,900.0,1200.0,1500.0,1800.0
P322-L,80000.0,1500.0,3000.0,32000.0,40000.0,48000.0,600.0,750.0,900.0,1200.0,1500.0,1800.0
P324-LN8,80000.0,1500.0,3000.0,32000.0,40000.0,48000.0,600.0,750.0,900.0,1200.0,1500.0,1800.0
P344-L,80000.0,1500.0,3000.0,32000.0,40000.0,48000.0,600.0,750.0,900.0,1200.0,1500.0,1800.0
P325-L,80000.0,1500.0,3000.0,32000.0,40000.0,48000.0,600.0,750.0,900.0,1200.0,1500.0,1800.0
P722-LNJ,140000.0,2000.0,3500.0,56000.0,70000.0,84000.0,800.0,1000.0,1200.0,1400.0,1750.0,2100.0
P742-LN1,140000.0,2000.0,3500.0,56000.0,70000.0,84000.0,800.0,1000.0,1200.0,1400.0,1750.0,2100.0
P742-LN2,140000.0,2000.0,3500.0,56000.0,70000.0,84000.0,800.0,1000.0,1200.0,1400.0,1750.0,2100.0
P742-LNM,140000.0,2000.0,3500.0,56000.0,70000.0,84000.0,800.0,1000.0,1200.0,1400.0,1750.0,2100.0
P722-LNF,140000.0,2000.0,3500.0,56000.0,70000.0,84000.0,800.0,1000.0,1200.0,1400.0,1750.0,2100.0
P742-LN3,140000.0,2000.0,3500.0,56000.0,70000.0,84000.0,800.0,1000.0,1200.0,1400.0,1750.0,2100.0
P540-LNN-D,120000.0,2500.0,4000.0,48000.0,60000.0,72000.0,1000.0,1250.0,1500.0,1600.0,2000.0,2400.0
P542-L,100000.0,2000.0,3500.0,40000.0,50000.0,60000.0,800.0,1000.0,1200.0,1400.0,1750.0,2100.0
P521-L,80000.0,1500.0,3000.0,32000.0,40000.0,48000.0,600.0,750.0,900.0,1200.0,1500.0,1800.0
P521-LN5,80000.0,1500.0,3000.0,32000.0,40000.0,48000.0,600.0,750.0,900.0,1200.0,1500.0,1800.0
P521-LN6,100000.0,2000.0,3500.0,40000.0,50000.0,60000.0,800.0,1000.0,1200.0,1400.0,1750.0,2100.0
P521-LNC,100000.0,2000.0,3500.0,40000.0,50000.0,60000.0,800.0,1000.0,1200.0,1400.0,1750.0,2100.0
P521-LN7,100000.0,2000.0,3500.0,40000.0,50000.0,60000.0,800.0,1000.0,1200.0,1400.0,1750.0,2100.0
P371-NNAF,220000.0,3000.0,4500.0,88000.0,110000.0,132000.0,1200.0,1500.0,1800.0,1800.0,2250.0,2700.0
P371-YNAF,220000.0,3000.0,4500.0,88000.0,110000.0,132000.0,1200.0,1500.0,1800.0,1800.0,2250.0,2700.0
P370-NN2F,220000.0,3000.0,4500.0,88000.0,110000.0,132000.0,1200.0,1500.0,1800.0,1800.0,2250.0,2700.0
P370-NN3F,220000.0,3000.0,4500.0,88000.0,110000.0,132000.0,1200.0,1500.0,1800.0,1800.0,2250.0,2700.0
P370-NNAF,220000.0,3000.0,4500.0,88000.0,110000.0,132000.0,1200.0,1500.0,1800.0,1800.0,2250.0,2700.0
P370-NNBF,270000.0,3500.0,5000.0,108000.0,135000.0,162000.0,1400.0,1750.0,2100.0,2000.0,2500.0,3000.0
P370-NN7F,270000.0,3500.0,5000.0,108000.0,135000.0,162000.0,1400.0,1750.0,2100.0,2000.0,2500.0,3000.0
P370-NN6F,270000.0,3500.0,5000.0,108000.0,135000.0,162000.0,1400.0,1750.0,2100.0,2000.0,2500.0,3000.0
P370-NNAB,270000.0,3500.0,5000.0,108000.0,135000.0,162000.0,1400.0,1750.0,2100.0,2000.0,2500.0,3000.0
P370-NNZ,270000.0,3500.0,5000.0,108000.0,135000.0,162000.0,1400.0,1750.0,2100.0,2000.0,2500.0,3000.0
P362,80000.0,1500.0,3000.0,32000.0,40000.0,48000.0,600.0,750.0,900.0,1200.0,1500.0,1800.0
P363,80000.0,1500.0,3000.0,32000.0,40000.0,48000.0,600.0,750.0,900.0,1200.0,1500.0,1800.0
P363-NN-1,80000.0,1500.0,3000.0,32000.0,40000.0,48000.0,600.0,750.0,900.0,1200.0,1500.0,1800.0
P4AE,80000.0,1500.0,3000.0,32000.0,40000.0,48000.0,600.0,750.0,900.0,1200.0,1500.0,1800.0
P4BE-NN1,80000.0,1500.0,3000.0,32000.0,40000.0,48000.0,600.0,750.0,900.0,1200.0,1500.0,1800.0
P375-NN3,140000.0,3000.0,4500.0,56000.0,70000.0,84000.0,1200.0,1500.0,1800.0,1800.0,2250.0,2700.0
P762-NNJ,80000.0,1500.0,3000.0,32000.0,40000.0,48000.0,600.0,750.0,900.0,1200.0,1500.0,1800.0
P772-NN1,80000.0,1500.0,3000.0,32000.0,40000.0,48000.0,600.0,750.0,900.0,1200.0,1500.0,1800.0
P762-NNM,80000.0,1500.0,3000.0,32000.0,40000.0,48000.0,600.0,750.0,900.0,1200.0,1500.0,1800.0
P762-NNF,80000.0,1500.0,3000.0,32000.0,40000.0,48000.0,600.0,750.0,900.0,1200.0,1500.0,1800.0
P762-NNP,80000.0,1500.0,3000.0,32000.0,40000.0,48000.0,600.0,750.0,900.0,1200.0,1500.0,1800.0
P762-NNL,80000.0,1500.0,3000.0,32000.0,40000.0,48000.0,600.0,750.0,900.0,1200.0,1500.0,1800.0
P471,80000.0,1500.0,3000.0,32000.0,40000.0,48000.0,600.0,750.0,900.0,1200.0,1500.0,1800.0
P764,80000.0,1500.0,3000.0,32000.0,40000.0,48000.0,600.0,750.0,900.0,1200.0,1500.0,1800.0
P767,80000.0,1500.0,3000.0,32000.0,40000.0,48000.0,600.0,750.0,900.0,1200.0,1500.0,1800.0
P472,80000.0,1500.0,3000.0,32000.0,40000.0,48000.0,600.0,750.0,900.0,1200.0,1500.0,1800.0
P466,80000.0,1500.0,3000.0,32000.0,40000.0,48000.0,600.0,750.0,900.0,1200.0,1500.0,1800.0
P46A,80000.0,1500.0,3000.0,32000.0,40000.0,48000.0,600.0,750.0,900.0,1200.0,1500.0,1800.0
P46C,80000.0,1500.0,3000.0,32000.0,40000.0,48000.0,600.0,750.0,900.0,1200.0,1500.0,1800.0
P46G-NN2A,160000.0,2500.0,4000.0,64000.0,80000.0,96000.0,1000.0,1250.0,1500.0,1600.0,2000.0,2400.0
P46A-NN5,80000.0,1500.0,3000.0,32000.0,40000.0,48000.0,600.0,750.0,900.0,1200.0,1500.0,1800.0
P46A-NN2,80000.0,1500.0,3000.0,32000.0,40000.0,48000.0,600.0,750.0,900.0,1200.0,1500.0,1800.0
P467,80000.0,1500.0,3000.0,32000.0,40000.0,48000.0,600.0,750.0,900.0,1200.0,1500.0,1800.0
P46K,80000.0,1500.0,3000.0,32000.0,40000.0,48000.0,600.0,750.0,900.0,1200.0,1500.0,1800.0
P468,80000.0,1500.0,3000.0,32000.0,40000.0,48000.0,600.0,750.0,900.0,1200.0,1500.0,1800.0
P46I-NN1,80000.0,1500.0,3000.0,32000.0,40000.0,48000.0,600.0,750.0,900.0,1200.0,1500.0,1800.0
P469-NN1,80000.0,1500.0,3000.0,32000.0,40000.0,48000.0,600.0,750.0,900.0,1200.0,1500.0,1800.0
P463,80000.0,1500.0,3000.0,32000.0,40000.0,48000.0,600.0,750.0,900.0,1200.0,1500.0,1800.0
P4AB,80000.0,1500.0,3000.0,32000.0,40000.0,48000.0,600.0,750.0,900.0,1200.0,1500.0,1800.0
P4BB,80000.0,1500.0,3000.0,32000.0,40000.0,48000.0,600.0,750.0,900.0,1200.0,1500.0,1800.0
P465,80000.0,1500.0,3000.0,32000.0,40000.0,48000.0,600.0,750.0,900.0,1200.0,1500.0,1800.0
P464,80000.0,1500.0,3000.0,32000.0,40000.0,48000.0,600.0,750.0,900.0,1200.0,1500.0,1800.0
P6A1,80000.0,1500.0,3000.0,32000.0,40000.0,48000.0,600.0,750.0,900.0,1200.0,1500.0,1800.0
P661,80000.0,1500.0,3000.0,32000.0,40000.0,48000.0,600.0,750.0,900.0,1200.0,1500.0,1800.0
P6A2,80000.0,1500.0,3000.0,32000.0,40000.0,48000.0,600.0,750.0,900.0,1200.0,1500.0,1800.0
P6B2,80000.0,1500.0,3000.0,32000.0,40000.0,48000.0,600.0,750.0,900.0,1200.0,1500.0,1800.0
P172,100000.0,2000.0,3500.0,40000.0,50000.0,60000.0,800.0,1000.0,1200.0,1400.0,1750.0,2100.0
P172-YNQ,100000.0,2000.0,3500.0,40000.0,50000.0,60000.0,800.0,1000.0,1200.0,1400.0,1750.0,2100.0
P17X,100000.0,2000.0,3500.0,40000.0,50000.0,60000.0,800.0,1000.0,1200.0,1400.0,1750.0,2100.0
P17AC,100000.0,2000.0,3500.0,40000.0,50000.0,60000.0,800.0,1000.0,1200.0,1400.0,1750.0,2100.0
P17AD,100000.0,2000.0,3500.0,40000.0,50000.0,60000.0,800.0,1000.0,1200.0,1400.0,1750.0,2100.0
P17E,80000.0,1500.0,3000.0,32000.0,40000.0,48000.0,600.0,750.0,900.0,1200.0,1500.0,1800.0
P17N,80000.0,1500.0,3000.0,32000.0,40000.0,48000.0,600.0,750.0,900.0,1200.0,1500.0,1800.0
P17R,80000.0,1500.0,3000.0,32000.0,40000.0,48000.0,600.0,750.0,900.0,1200.0,1500.0,1800.0
P17F,80000.0,1500.0,3000.0,32000.0,40000.0,48000.0,600.0,750.0,900.0,1200.0,1500.0,1800.0
P175-NNA,80000.0,1500.0,3000.0,32000.0,40000.0,48000.0,600.0,750.0,900.0,1200.0,1500.0,1800.0
P17J,80000.0,1500.0,3000.0,32000.0,40000.0,48000.0,600.0,750.0,900.0,1200.0,1500.0,1800.0
P17Q,80000.0,1500.0,3000.0,32000.0,40000.0,48000.0,600.0,750.0,900.0,1200.0,1500.0,1800.0
P171,80000.0,1500.0,3000.0,32000.0,40000.0,48000.0,600.0,750.0,900.0,1200.0,1500.0,1800.0
P171-Y,80000.0,1500.0,3000.0,32000.0,40000.0,48000.0,600.0,750.0,900.0,1200.0,1500.0,1800.0
P164-NN1,100000.0,2000.0,3500.0,40000.0,50000.0,60000.0,800.0,1000.0,1200.0,1400.0,1750.0,2100.0
P164-HN8,120000.0,2500.0,4000.0,48000.0,60000.0,72000.0,1000.0,1250.0,1500.0,1600.0,2000.0,2400.0
P164-HN7,120000.0,2500.0,4000.0,48000.0,60000.0,72000.0,1000.0,1250.0,1500.0,1600.0,2000.0,2400.0
P164-HN9,120000.0,2500.0,4000.0,48000.0,60000.0,72000.0,1000.0,1250.0,1500.0,1600.0,2000.0,2400.0
P163,80000.0,2000.0,3500.0,32000.0,40000.0,48000.0,800.0,1000.0,1200.0,1400.0,1750.0,2100.0
P16AJ,120000.0,2500.0,4000.0,48000.0,60000.0,72000.0,1000.0,1250.0,1500.0,1600.0,2000.0,2400.0
P26B-NN1,120000.0,1500.0,3000.0,48000.0,60000.0,72000.0,600.0,750.0,900.0,1200.0,1500.0,1800.0
P26B-NN2,120000.0,1500.0,3000.0,48000.0,60000.0,72000.0,600.0,750.0,900.0,1200.0,1500.0,1800.0
P26B-NN3,120000.0,1500.0,3000.0,48000.0,60000.0,72000.0,600.0,750.0,900.0,1200.0,1500.0,1800.0
P26B-NN5,120000.0,1500.0,3000.0,48000.0,60000.0,72000.0,600.0,750.0,900.0,1200.0,1500.0,1800.0
P26B-NN6,120000.0,1500.0,3000.0,48000.0,60000.0,72000.0,600.0,750.0,900.0,1200.0,1500.0,1800.0
P26E,120000.0,1500.0,3000.0,48000.0,60000.0,72000.0,600.0,750.0,900.0,1200.0,1500.0,1800.0
P26C,120000.0,1500.0,3000.0,48000.0,60000.0,72000.0,600.0,750.0,900.0,1200.0,1500.0,1800.0
P26F-NN1,120000.0,1500.0,3000.0,48000.0,60000.0,72000.0,600.0,750.0,900.0,1200.0,1500.0,1800.0
P264,80000.0,1500.0,3000.0,32000.0,40000.0,48000.0,600.0,750.0,900.0,1200.0,1500.0,1800.0
P265-NN1,80000.0,1500.0,3000.0,32000.0,40000.0,48000.0,600.0,750.0,900.0,1200.0,1500.0,1800.0
P260-H,80000.0,1500.0,3000.0,32000.0,40000.0,48000.0,600.0,750.0,900.0,1200.0,1500.0,1800.0
P263-H,80000.0,1500.0,3000.0,32000.0,40000.0,48000.0,600.0,750.0,900.0,1200.0,1500.0,1800.0
P26G,80000.0,1500.0,3000.0,32000.0,40000.0,48000.0,600.0,750.0,900.0,1200.0,1500.0,1800.0
P26G-NN1,80000.0,1500.0,3000.0,32000.0,40000.0,48000.0,600.0,750.0,900.0,1200.0,1500.0,1800.0
P262-H,80000.0,1500.0,3000.0,32000.0,40000.0,48000.0,600.0,750.0,900.0,1200.0,1500.0,1800.0
P2L2,80000.0,1500.0,3000.0,32000.0,40000.0,48000.0,600.0,750.0,900.0,1200.0,1500.0,1800.0
P268-H,80000.0,1500.0,3000.0,32000.0,40000.0,48000.0,600.0,750.0,900.0,1200.0,1500.0,1800.0
P266-H,80000.0,1500.0,3000.0,32000.0,40000.0,48000.0,600.0,750.0,900.0,1200.0,1500.0,1800.0
P269,80000.0,1500.0,3000.0,32000.0,40000.0,48000.0,600.0,750.0,900.0,1200.0,1500.0,1800.0
P269-NN-1,80000.0,1500.0,3000.0,32000.0,40000.0,48000.0,600.0,750.0,900.0,1200.0,1500.0,1800.0
P26J,80000.0,1500.0,3000.0,32000.0,40000.0,48000.0,600.0,750.0,900.0,1200.0,1500.0,1800.0
P570-NN1-D,120000.0,2500.0,4000.0,48000.0,60000.0,72000.0,1000.0,1250.0,1500.0,1600.0,2000.0,2400.0
P570-NN2-D,120000.0,2500.0,4000.0,48000.0,60000.0,72000.0,1000.0,1250.0,1500.0,1600.0,2000.0,2400.0
P570-NNB-D,120000.0,2500.0,4000.0,48000.0,60000.0,72000.0,1000.0,1250.0,1500.0,1600.0,2000.0,2400.0
P570-NN3-D,120000.0,2500.0,4000.0,48000.0,60000.0,72000.0,1000.0,1250.0,1500.0,1600.0,2000.0,2400.0
P570-NND-D,120000.0,2500.0,4000.0,48000.0,60000.0,72000.0,1000.0,1250.0,1500.0,1600.0,2000.0,2400.0
P580-NNLA,160000.0,2500.0,4000.0,64000.0,80000.0,96000.0,1000.0,1250.0,1500.0,1600.0,2000.0,2400.0
P572-NNDA,80000.0,1500.0,3000.0,32000.0,40000.0,48000.0,600.0,750.0,900.0,1200.0,1500.0,1800.0
P572-NNEA,80000.0,1500.0,3000.0,32000.0,40000.0,48000.0,600.0,750.0,900.0,1200.0,1500.0,1800.0
P572-NNFA,80000.0,1500.0,3000.0,32000.0,40000.0,48000.0,600.0,750.0,900.0,1200.0,1500.0,1800.0
P561-NNM,80000.0,1500.0,3000.0,32000.0,40000.0,48000.0,600.0,750.0,900.0,1200.0,1500.0,1800.0
P568,220000.0,3000.0,4500.0,88000.0,110000.0,132000.0,1200.0,1500.0,1800.0,1800.0,2250.0,2700.0
